{
"DESCRIPTION" : {"LAT":"위도","BLDN_NM":"역사명","ROUTE":"호선","BLDN_ID":"역사_ID","LOT":"경도"},
"DATA" : [
{"bldn_id":"9010","route":"수도권 광역급행철도","lot":"127.09569","bldn_nm":"동탄","lat":"37.20034"},
{"bldn_id":"9009","route":"수도권 광역급행철도","lot":"127.10389","bldn_nm":"구성","lat":"37.29913"},
{"bldn_id":"9008","route":"수도권 광역급행철도","lot":"127.12058","bldn_nm":"성남","lat":"37.39467"},
{"bldn_id":"9007","route":"수도권 광역급행철도","lot":"127.10161","bldn_nm":"수서","lat":"37.48637"},
{"bldn_id":"9006","route":"수도권 광역급행철도","lot":"127.06324","bldn_nm":"삼성","lat":"37.50887"},
{"bldn_id":"9005","route":"수도권 광역급행철도","lot":"126.97296","bldn_nm":"서울","lat":"37.55569"},
{"bldn_id":"9004","route":"수도권 광역급행철도","lot":"126.9213","bldn_nm":"연신내","lat":"37.61878"},
{"bldn_id":"9002","route":"수도권 광역급행철도","lot":"126.81113","bldn_nm":"대곡","lat":"37.63191"},
{"bldn_id":"9001","route":"수도권 광역급행철도","lot":"126.74843","bldn_nm":"킨텍스","lat":"37.66532"},
{"bldn_id":"9000","route":"수도권 광역급행철도","lot":"126.72841","bldn_nm":"운정","lat":"37.71614"},
{"bldn_id":"4929","route":"김포골드라인","lot":"126.801868","bldn_nm":"김포공항","lat":"37.56236"},
{"bldn_id":"4928","route":"김포골드라인","lot":"126.770345","bldn_nm":"고촌","lat":"37.601243"},
{"bldn_id":"4927","route":"김포골드라인","lot":"126.732387","bldn_nm":"풍무","lat":"37.612488"},
{"bldn_id":"4926","route":"김포골드라인","lot":"126.719731","bldn_nm":"사우(김포시청)","lat":"37.620249"},
{"bldn_id":"4925","route":"김포골드라인","lot":"126.705975","bldn_nm":"걸포북변","lat":"37.63165"},
{"bldn_id":"4924","route":"김포골드라인","lot":"126.68393","bldn_nm":"운양","lat":"37.653867"},
{"bldn_id":"4923","route":"김포골드라인","lot":"126.669017","bldn_nm":"장기","lat":"37.643986"},
{"bldn_id":"4922","route":"김포골드라인","lot":"126.644344","bldn_nm":"마산","lat":"37.640732"},
{"bldn_id":"4921","route":"김포골드라인","lot":"126.628633","bldn_nm":"구래","lat":"37.645384"},
{"bldn_id":"4920","route":"김포골드라인","lot":"126.614309","bldn_nm":"양촌","lat":"37.642379"},
{"bldn_id":"4815","route":"서해선","lot":"126.786691","bldn_nm":"원시","lat":"37.302371"},
{"bldn_id":"4814","route":"서해선","lot":"126.796261","bldn_nm":"원곡","lat":"37.31321"},
{"bldn_id":"4813","route":"서해선","lot":"126.808147","bldn_nm":"초지","lat":"37.319619"},
{"bldn_id":"4812","route":"서해선","lot":"126.809904","bldn_nm":"선부","lat":"37.334353"},
{"bldn_id":"4811","route":"서해선","lot":"126.809409","bldn_nm":"달미","lat":"37.348847"},
{"bldn_id":"4810","route":"서해선","lot":"126.808573","bldn_nm":"시흥능곡","lat":"37.369864"},
{"bldn_id":"4809","route":"서해선","lot":"126.805625","bldn_nm":"시흥시청","lat":"37.382223"},
{"bldn_id":"4808","route":"서해선","lot":"126.788017","bldn_nm":"신현","lat":"37.409008"},
{"bldn_id":"4807","route":"서해선","lot":"126.786788","bldn_nm":"신천","lat":"37.439066"},
{"bldn_id":"4806","route":"서해선","lot":"126.793041","bldn_nm":"시흥대야","lat":"37.450145"},
{"bldn_id":"4805","route":"서해선","lot":"126.797252","bldn_nm":"소새울","lat":"37.468467"},
{"bldn_id":"4804","route":"서해선","lot":"126.795023","bldn_nm":"소사","lat":"37.483279"},
{"bldn_id":"4713","route":"우이신설선","lot":"127.023242","bldn_nm":"신설동","lat":"37.576095"},
{"bldn_id":"4712","route":"우이신설선","lot":"127.019381","bldn_nm":"보문","lat":"37.585286"},
{"bldn_id":"4711","route":"우이신설선","lot":"127.016516","bldn_nm":"성신여대입구(돈암)","lat":"37.592467"},
{"bldn_id":"4710","route":"우이신설선","lot":"127.013396","bldn_nm":"정릉","lat":"37.603133"},
{"bldn_id":"4709","route":"우이신설선","lot":"127.008251","bldn_nm":"북한산보국문","lat":"37.612072"},
{"bldn_id":"4708","route":"우이신설선","lot":"127.013626","bldn_nm":"솔샘","lat":"37.620238"},
{"bldn_id":"4707","route":"우이신설선","lot":"127.020473","bldn_nm":"삼양사거리","lat":"37.621337"},
{"bldn_id":"4706","route":"우이신설선","lot":"127.018106","bldn_nm":"삼양","lat":"37.626914"},
{"bldn_id":"4705","route":"우이신설선","lot":"127.017511","bldn_nm":"화계","lat":"37.634133"},
{"bldn_id":"4704","route":"우이신설선","lot":"127.016789","bldn_nm":"가오리","lat":"37.641537"},
{"bldn_id":"4703","route":"우이신설선","lot":"127.013684","bldn_nm":"4.19민주묘지","lat":"37.649502"},
{"bldn_id":"4702","route":"우이신설선","lot":"127.013273","bldn_nm":"솔밭공원","lat":"37.65603"},
{"bldn_id":"4701","route":"우이신설선","lot":"127.012706","bldn_nm":"북한산우이","lat":"37.662909"},
{"bldn_id":"4615","route":"의정부선","lot":"127.088704","bldn_nm":"탑석","lat":"37.733579"},
{"bldn_id":"4614","route":"의정부선","lot":"127.087159","bldn_nm":"송산","lat":"37.737279"},
{"bldn_id":"4613","route":"의정부선","lot":"127.085035","bldn_nm":"어룡","lat":"37.742802"},
{"bldn_id":"4612","route":"의정부선","lot":"127.083715","bldn_nm":"곤제","lat":"37.750471"},
{"bldn_id":"4611","route":"의정부선","lot":"127.076902","bldn_nm":"효자","lat":"37.754025"},
{"bldn_id":"4610","route":"의정부선","lot":"127.071495","bldn_nm":"경기도청북부청사","lat":"37.75059"},
{"bldn_id":"4609","route":"의정부선","lot":"127.06362","bldn_nm":"새말","lat":"37.748885"},
{"bldn_id":"4608","route":"의정부선","lot":"127.056947","bldn_nm":"동오","lat":"37.745271"},
{"bldn_id":"4607","route":"의정부선","lot":"127.049565","bldn_nm":"의정부중앙","lat":"37.743676"},
{"bldn_id":"4606","route":"의정부선","lot":"127.037023","bldn_nm":"흥선","lat":"37.743302"},
{"bldn_id":"4605","route":"의정부선","lot":"127.034781","bldn_nm":"의정부시청","lat":"37.739256"},
{"bldn_id":"4604","route":"의정부선","lot":"127.043257","bldn_nm":"경전철의정부","lat":"37.737202"},
{"bldn_id":"4603","route":"의정부선","lot":"127.04353","bldn_nm":"범골","lat":"37.728755"},
{"bldn_id":"4602","route":"의정부선","lot":"127.047073","bldn_nm":"회룡","lat":"37.725006"},
{"bldn_id":"4601","route":"의정부선","lot":"127.052803","bldn_nm":"발곡","lat":"37.727048"},
{"bldn_id":"4517","route":"에버라인선","lot":"127.219561","bldn_nm":"전대.에버랜드","lat":"37.285342"},
{"bldn_id":"4515","route":"에버라인선","lot":"127.21364","bldn_nm":"둔전","lat":"37.267051"},
{"bldn_id":"4514","route":"에버라인선","lot":"127.218457","bldn_nm":"보평","lat":"37.258965"},
{"bldn_id":"4513","route":"에버라인선","lot":"127.214251","bldn_nm":"고진","lat":"37.24484"},
{"bldn_id":"4512","route":"에버라인선","lot":"127.209198","bldn_nm":"운동장.송담대","lat":"37.237845"},
{"bldn_id":"4511","route":"에버라인선","lot":"127.198781","bldn_nm":"김량장","lat":"37.237247"},
{"bldn_id":"4510","route":"에버라인선","lot":"127.190294","bldn_nm":"명지대","lat":"37.237964"},
{"bldn_id":"4509","route":"에버라인선","lot":"127.178406","bldn_nm":"시청.용인대","lat":"37.239151"},
{"bldn_id":"4508","route":"에버라인선","lot":"127.168075","bldn_nm":"삼가","lat":"37.242115"},
{"bldn_id":"4506","route":"에버라인선","lot":"127.159443","bldn_nm":"초당","lat":"37.260752"},
{"bldn_id":"4505","route":"에버라인선","lot":"127.152716","bldn_nm":"동백","lat":"37.269043"},
{"bldn_id":"4504","route":"에버라인선","lot":"127.143714","bldn_nm":"어정","lat":"37.274917"},
{"bldn_id":"4503","route":"에버라인선","lot":"127.136515","bldn_nm":"지석","lat":"37.269606"},
{"bldn_id":"4502","route":"에버라인선","lot":"127.126033","bldn_nm":"강남대","lat":"37.270161"},
{"bldn_id":"4501","route":"에버라인선","lot":"127.116665","bldn_nm":"기흥","lat":"37.275449"},
{"bldn_id":"4411","route":"신림선","lot":"126.9450639","bldn_nm":"관악산(서울대)","lat":"37.4691018"},
{"bldn_id":"4410","route":"신림선","lot":"126.9339351","bldn_nm":"서울대벤처타운","lat":"37.4720019"},
{"bldn_id":"4409","route":"신림선","lot":"126.9330365","bldn_nm":"서원","lat":"37.4782341"},
{"bldn_id":"4408","route":"신림선","lot":"126.9296159","bldn_nm":"신림","lat":"37.4849266"},
{"bldn_id":"4407","route":"신림선","lot":"126.9275133","bldn_nm":"당곡","lat":"37.4902998"},
{"bldn_id":"4406","route":"신림선","lot":"126.9234964","bldn_nm":"보라매병원","lat":"37.4929598"},
{"bldn_id":"4405","route":"신림선","lot":"126.9180827","bldn_nm":"보라매공원","lat":"37.4955691"},
{"bldn_id":"4404","route":"신림선","lot":"126.9204355","bldn_nm":"보라매","lat":"37.5002739"},
{"bldn_id":"4403","route":"신림선","lot":"126.9227083","bldn_nm":"서울지방병무청","lat":"37.5060464"},
{"bldn_id":"4402","route":"신림선","lot":"126.9257265","bldn_nm":"대방","lat":"37.5133059"},
{"bldn_id":"4401","route":"신림선","lot":"126.929399","bldn_nm":"샛강","lat":"37.5170969"},
{"bldn_id":"434","route":"4호선","lot":"126.989134","bldn_nm":"남태령","lat":"37.463873"},
{"bldn_id":"433","route":"4호선","lot":"126.981685","bldn_nm":"사당","lat":"37.47653"},
{"bldn_id":"432","route":"4호선","lot":"126.981989","bldn_nm":"총신대입구(이수)","lat":"37.486263"},
{"bldn_id":"4319","route":"신분당선(연장)","lot":"127.044483","bldn_nm":"광교(경기대)","lat":"37.30211"},
{"bldn_id":"4318","route":"신분당선(연장)","lot":"127.051478","bldn_nm":"광교중앙(아주대)","lat":"37.288617"},
{"bldn_id":"4317","route":"신분당선(연장)","lot":"127.069342","bldn_nm":"상현","lat":"37.297664"},
{"bldn_id":"4316","route":"신분당선(연장)","lot":"127.0801","bldn_nm":"성복","lat":"37.313335"},
{"bldn_id":"4315","route":"신분당선(연장)","lot":"127.095026","bldn_nm":"수지구청","lat":"37.322702"},
{"bldn_id":"4314","route":"신분당선(연장)","lot":"127.102976","bldn_nm":"동천","lat":"37.337928"},
{"bldn_id":"4313","route":"신분당선(연장)","lot":"127.108918","bldn_nm":"미금","lat":"37.349982"},
{"bldn_id":"4312","route":"신분당선","lot":"127.108403","bldn_nm":"정자","lat":"37.367098"},
{"bldn_id":"4311","route":"신분당선","lot":"127.112217","bldn_nm":"판교","lat":"37.394761"},
{"bldn_id":"4310","route":"신분당선","lot":"127.055664","bldn_nm":"청계산입구","lat":"37.447211"},
{"bldn_id":"431","route":"4호선","lot":"126.979306","bldn_nm":"동작(현충원)","lat":"37.502971"},
{"bldn_id":"4309","route":"신분당선","lot":"127.03842","bldn_nm":"양재시민의숲(매헌)","lat":"37.470023"},
{"bldn_id":"4308","route":"신분당선","lot":"127.034653","bldn_nm":"양재(서초구청)","lat":"37.483809"},
{"bldn_id":"4307","route":"신분당선","lot":"127.028104","bldn_nm":"강남","lat":"37.496837"},
{"bldn_id":"4306","route":"신분당선(연장2)","lot":"127.02506","bldn_nm":"신논현","lat":"37.504598"},
{"bldn_id":"4305","route":"신분당선(연장2)","lot":"127.021415","bldn_nm":"논현","lat":"37.511093"},
{"bldn_id":"4304","route":"신분당선(연장2)","lot":"127.020114","bldn_nm":"신사","lat":"37.516334"},
{"bldn_id":"430","route":"4호선","lot":"126.974345","bldn_nm":"이촌(국립중앙박물관)","lat":"37.522272"},
{"bldn_id":"429","route":"4호선","lot":"126.967894","bldn_nm":"신용산","lat":"37.52917"},
{"bldn_id":"428","route":"4호선","lot":"126.97311","bldn_nm":"삼각지","lat":"37.534777"},
{"bldn_id":"427","route":"4호선","lot":"126.972106","bldn_nm":"숙대입구(갈월)","lat":"37.54456"},
{"bldn_id":"426","route":"4호선","lot":"126.972559","bldn_nm":"서울역","lat":"37.554648"},
{"bldn_id":"425","route":"4호선","lot":"126.978246","bldn_nm":"회현(남대문시장)","lat":"37.558514"},
{"bldn_id":"424","route":"4호선","lot":"126.986325","bldn_nm":"명동","lat":"37.560989"},
{"bldn_id":"423","route":"4호선","lot":"126.99428","bldn_nm":"충무로","lat":"37.561243"},
{"bldn_id":"422","route":"4호선","lot":"127.007896","bldn_nm":"동대문역사문화공원","lat":"37.565138"},
{"bldn_id":"4217","route":"공항철도1호선","lot":"126.524254","bldn_nm":"영종","lat":"37.51202"},
{"bldn_id":"4215","route":"공항철도1호선","lot":"126.441442","bldn_nm":"인천공항2터미널","lat":"37.460699"},
{"bldn_id":"4213","route":"공항철도1호선","lot":"126.452508","bldn_nm":"인천공항1터미널","lat":"37.447464"},
{"bldn_id":"4212","route":"공항철도1호선","lot":"126.477516","bldn_nm":"공항화물청사","lat":"37.459041"},
{"bldn_id":"4211","route":"공항철도1호선","lot":"126.49379","bldn_nm":"운서","lat":"37.492904"},
{"bldn_id":"4210","route":"공항철도1호선","lot":"126.624648","bldn_nm":"청라국제도시","lat":"37.556409"},
{"bldn_id":"421","route":"4호선","lot":"127.009745","bldn_nm":"동대문","lat":"37.57142"},
{"bldn_id":"4209","route":"공항철도1호선","lot":"126.674007","bldn_nm":"검암","lat":"37.569098"},
{"bldn_id":"4208","route":"공항철도1호선","lot":"126.7363","bldn_nm":"계양","lat":"37.571662"},
{"bldn_id":"4207","route":"공항철도1호선","lot":"126.801904","bldn_nm":"김포공항","lat":"37.561842"},
{"bldn_id":"4206","route":"공항철도1호선","lot":"126.827378","bldn_nm":"마곡나루","lat":"37.565543"},
{"bldn_id":"4204","route":"공항철도1호선","lot":"126.898609","bldn_nm":"디지털미디어시티","lat":"37.576958"},
{"bldn_id":"4203","route":"공항철도1호선","lot":"126.926715","bldn_nm":"홍대입구","lat":"37.557438"},
{"bldn_id":"4202","route":"공항철도1호선","lot":"126.952024","bldn_nm":"공덕","lat":"37.54253"},
{"bldn_id":"4201","route":"공항철도1호선","lot":"126.969769","bldn_nm":"서울역","lat":"37.553247"},
{"bldn_id":"420","route":"4호선","lot":"127.001844","bldn_nm":"혜화","lat":"37.582336"},
{"bldn_id":"419","route":"4호선","lot":"127.006221","bldn_nm":"한성대입구(삼선교)","lat":"37.588458"},
{"bldn_id":"418","route":"4호선","lot":"127.016403","bldn_nm":"성신여대입구(돈암)","lat":"37.592624"},
{"bldn_id":"417","route":"4호선","lot":"127.025053","bldn_nm":"길음","lat":"37.603407"},
{"bldn_id":"416","route":"4호선","lot":"127.030053","bldn_nm":"미아사거리","lat":"37.613292"},
{"bldn_id":"415","route":"4호선","lot":"127.025983","bldn_nm":"미아(서울사이버대학)","lat":"37.62667"},
{"bldn_id":"414","route":"4호선","lot":"127.025732","bldn_nm":"수유(강북구청)","lat":"37.638052"},
{"bldn_id":"4138","route":"9호선(연장)","lot":"127.148739","bldn_nm":"중앙보훈병원","lat":"37.529191"},
{"bldn_id":"4137","route":"9호선(연장)","lot":"127.137989","bldn_nm":"둔촌오륜","lat":"37.519683"},
{"bldn_id":"4136","route":"9호선(연장)","lot":"127.130288","bldn_nm":"올림픽공원(한국체대)","lat":"37.516269"},
{"bldn_id":"4135","route":"9호선(연장)","lot":"127.116503","bldn_nm":"한성백제","lat":"37.516404"},
{"bldn_id":"4134","route":"9호선(연장)","lot":"127.112216","bldn_nm":"송파나루","lat":"37.510372"},
{"bldn_id":"4133","route":"9호선(연장)","lot":"127.10704","bldn_nm":"석촌","lat":"37.505208"},
{"bldn_id":"4132","route":"9호선(연장)","lot":"127.097033","bldn_nm":"석촌고분","lat":"37.502558"},
{"bldn_id":"4131","route":"9호선(연장)","lot":"127.088025","bldn_nm":"삼전","lat":"37.504738"},
{"bldn_id":"4130","route":"9호선(연장)","lot":"127.076275","bldn_nm":"종합운동장","lat":"37.511426"},
{"bldn_id":"413","route":"4호선","lot":"127.034709","bldn_nm":"쌍문","lat":"37.648627"},
{"bldn_id":"4129","route":"9호선(연장)","lot":"127.060245","bldn_nm":"봉은사","lat":"37.514219"},
{"bldn_id":"4128","route":"9호선(연장)","lot":"127.053282","bldn_nm":"삼성중앙","lat":"37.513011"},
{"bldn_id":"4127","route":"9호선(연장)","lot":"127.043999","bldn_nm":"선정릉","lat":"37.510297"},
{"bldn_id":"4126","route":"9호선(연장)","lot":"127.033868","bldn_nm":"언주","lat":"37.507287"},
{"bldn_id":"4125","route":"9호선","lot":"127.02506","bldn_nm":"신논현","lat":"37.504598"},
{"bldn_id":"4124","route":"9호선","lot":"127.015259","bldn_nm":"사평","lat":"37.504206"},
{"bldn_id":"4123","route":"9호선","lot":"127.004403","bldn_nm":"고속터미널","lat":"37.50598"},
{"bldn_id":"4122","route":"9호선","lot":"126.995925","bldn_nm":"신반포","lat":"37.503415"},
{"bldn_id":"4121","route":"9호선","lot":"126.987332","bldn_nm":"구반포","lat":"37.501364"},
{"bldn_id":"4120","route":"9호선","lot":"126.978153","bldn_nm":"동작(현충원)","lat":"37.502878"},
{"bldn_id":"412","route":"4호선","lot":"127.047731","bldn_nm":"창동","lat":"37.653166"},
{"bldn_id":"4119","route":"9호선","lot":"126.963708","bldn_nm":"흑석(중앙대입구)","lat":"37.50877"},
{"bldn_id":"4118","route":"9호선","lot":"126.953222","bldn_nm":"노들","lat":"37.512887"},
{"bldn_id":"4117","route":"9호선","lot":"126.941005","bldn_nm":"노량진","lat":"37.513534"},
{"bldn_id":"4116","route":"9호선","lot":"126.928422","bldn_nm":"샛강","lat":"37.517274"},
{"bldn_id":"4115","route":"9호선","lot":"126.92403","bldn_nm":"여의도","lat":"37.52176"},
{"bldn_id":"4114","route":"9호선","lot":"126.917874","bldn_nm":"국회의사당","lat":"37.528105"},
{"bldn_id":"4113","route":"9호선","lot":"126.902809","bldn_nm":"당산","lat":"37.533406"},
{"bldn_id":"4112","route":"9호선","lot":"126.893525","bldn_nm":"선유도","lat":"37.53802"},
{"bldn_id":"4111","route":"9호선","lot":"126.88308","bldn_nm":"신목동","lat":"37.544277"},
{"bldn_id":"4110","route":"9호선","lot":"126.874916","bldn_nm":"염창","lat":"37.546936"},
{"bldn_id":"411","route":"4호선","lot":"127.061368","bldn_nm":"노원","lat":"37.655128"},
{"bldn_id":"4109","route":"9호선","lot":"126.865689","bldn_nm":"등촌","lat":"37.550632"},
{"bldn_id":"4108","route":"9호선","lot":"126.861939","bldn_nm":"증미","lat":"37.557402"},
{"bldn_id":"4107","route":"9호선","lot":"126.854456","bldn_nm":"가양","lat":"37.561391"},
{"bldn_id":"4106","route":"9호선","lot":"126.841333","bldn_nm":"양천향교","lat":"37.568381"},
{"bldn_id":"4105","route":"9호선","lot":"126.82731","bldn_nm":"마곡나루","lat":"37.566778"},
{"bldn_id":"4104","route":"9호선","lot":"126.816601","bldn_nm":"신방화","lat":"37.567532"},
{"bldn_id":"4103","route":"9호선","lot":"126.810678","bldn_nm":"공항시장","lat":"37.563726"},
{"bldn_id":"4102","route":"9호선","lot":"126.802152","bldn_nm":"김포공항","lat":"37.561916"},
{"bldn_id":"4101","route":"9호선","lot":"126.798153","bldn_nm":"개화","lat":"37.578608"},
{"bldn_id":"410","route":"4호선","lot":"127.073572","bldn_nm":"상계","lat":"37.660878"},
{"bldn_id":"409","route":"4호선","lot":"127.079066","bldn_nm":"당고개","lat":"37.670272"},
{"bldn_id":"408","route":"진접선","lot":"127.11581","bldn_nm":"별내별가람","lat":"37.66778"},
{"bldn_id":"406","route":"진접선","lot":"127.19281","bldn_nm":"오남","lat":"37.705"},
{"bldn_id":"405","route":"진접선","lot":"127.2034","bldn_nm":"진접","lat":"37.7205"},
{"bldn_id":"3763","route":"7호선","lot":"126.6762813","bldn_nm":"석남(거북시장)","lat":"37.5062285"},
{"bldn_id":"3762","route":"7호선","lot":"126.7035277","bldn_nm":"산곡","lat":"37.5086"},
{"bldn_id":"3761","route":"7호선(인천)","lot":"126.72077","bldn_nm":"부평구청","lat":"37.50848"},
{"bldn_id":"3760","route":"7호선(인천)","lot":"126.73234","bldn_nm":"굴포천","lat":"37.50681"},
{"bldn_id":"3759","route":"7호선(인천)","lot":"126.74179","bldn_nm":"삼산체육관","lat":"37.50724"},
{"bldn_id":"3758","route":"7호선(인천)","lot":"126.753163","bldn_nm":"상동","lat":"37.505814"},
{"bldn_id":"3757","route":"7호선(인천)","lot":"126.76364","bldn_nm":"부천시청","lat":"37.50444"},
{"bldn_id":"3756","route":"7호선(인천)","lot":"126.77566","bldn_nm":"신중동","lat":"37.50282"},
{"bldn_id":"3755","route":"7호선(인천)","lot":"126.78828","bldn_nm":"춘의","lat":"37.50365"},
{"bldn_id":"3754","route":"7호선(인천)","lot":"126.79661","bldn_nm":"부천종합운동장","lat":"37.50502"},
{"bldn_id":"3753","route":"7호선(인천)","lot":"126.81093","bldn_nm":"까치울","lat":"37.50613"},
{"bldn_id":"342","route":"3호선","lot":"127.128111","bldn_nm":"오금","lat":"37.502162"},
{"bldn_id":"341","route":"3호선","lot":"127.12454","bldn_nm":"경찰병원","lat":"37.495918"},
{"bldn_id":"340","route":"3호선","lot":"127.118234","bldn_nm":"가락시장","lat":"37.492522"},
{"bldn_id":"339","route":"3호선","lot":"127.10188","bldn_nm":"수서","lat":"37.487371"},
{"bldn_id":"338","route":"3호선","lot":"127.08439","bldn_nm":"일원","lat":"37.483681"},
{"bldn_id":"337","route":"3호선","lot":"127.079532","bldn_nm":"대청","lat":"37.493514"},
{"bldn_id":"336","route":"3호선","lot":"127.070594","bldn_nm":"학여울","lat":"37.496663"},
{"bldn_id":"335","route":"3호선","lot":"127.063642","bldn_nm":"대치","lat":"37.494612"},
{"bldn_id":"334","route":"3호선","lot":"127.055381","bldn_nm":"도곡","lat":"37.490858"},
{"bldn_id":"333","route":"3호선","lot":"127.046769","bldn_nm":"매봉","lat":"37.486947"},
{"bldn_id":"332","route":"3호선","lot":"127.034631","bldn_nm":"양재(서초구청)","lat":"37.484147"},
{"bldn_id":"331","route":"3호선","lot":"127.016189","bldn_nm":"남부터미널(예술의전당)","lat":"37.485013"},
{"bldn_id":"330","route":"3호선","lot":"127.01408","bldn_nm":"교대(법원.검찰청)","lat":"37.493415"},
{"bldn_id":"329","route":"3호선","lot":"127.004943","bldn_nm":"고속터미널","lat":"37.50481"},
{"bldn_id":"328","route":"3호선","lot":"127.01122","bldn_nm":"잠원","lat":"37.512759"},
{"bldn_id":"327","route":"3호선","lot":"127.020114","bldn_nm":"신사","lat":"37.516334"},
{"bldn_id":"326","route":"3호선","lot":"127.028461","bldn_nm":"압구정","lat":"37.527072"},
{"bldn_id":"325","route":"3호선","lot":"127.017965","bldn_nm":"옥수","lat":"37.540685"},
{"bldn_id":"324","route":"3호선","lot":"127.015872","bldn_nm":"금호","lat":"37.548034"},
{"bldn_id":"323","route":"3호선","lot":"127.010655","bldn_nm":"약수","lat":"37.55434"},
{"bldn_id":"3227","route":"인천2호선","lot":"126.75997","bldn_nm":"운연(서창)","lat":"37.440127"},
{"bldn_id":"3226","route":"인천2호선","lot":"126.752618","bldn_nm":"인천대공원","lat":"37.448769"},
{"bldn_id":"3225","route":"인천2호선","lot":"126.736939","bldn_nm":"남동구청","lat":"37.448161"},
{"bldn_id":"3224","route":"인천2호선","lot":"126.732094","bldn_nm":"만수","lat":"37.454911"},
{"bldn_id":"3223","route":"인천2호선","lot":"126.719298","bldn_nm":"모래내시장","lat":"37.45583"},
{"bldn_id":"3222","route":"인천2호선","lot":"126.709986","bldn_nm":"석천사거리","lat":"37.456805"},
{"bldn_id":"3221","route":"인천2호선","lot":"126.701306","bldn_nm":"인천시청","lat":"37.456833"},
{"bldn_id":"3220","route":"인천2호선","lot":"126.692575","bldn_nm":"석바위시장","lat":"37.457611"},
{"bldn_id":"322","route":"3호선","lot":"127.005602","bldn_nm":"동대입구","lat":"37.559052"},
{"bldn_id":"3219","route":"인천2호선","lot":"126.681192","bldn_nm":"시민공원(문화창작지대)","lat":"37.458335"},
{"bldn_id":"3218","route":"인천2호선","lot":"126.679098","bldn_nm":"주안","lat":"37.464992"},
{"bldn_id":"3217","route":"인천2호선","lot":"126.68113","bldn_nm":"주안국가산단","lat":"37.473703"},
{"bldn_id":"3216","route":"인천2호선","lot":"126.683673","bldn_nm":"가재울","lat":"37.484192"},
{"bldn_id":"3215","route":"인천2호선","lot":"126.675208","bldn_nm":"인천가좌","lat":"37.4897"},
{"bldn_id":"3214","route":"인천2호선","lot":"126.675795","bldn_nm":"서부여성회관","lat":"37.500168"},
{"bldn_id":"3213","route":"인천2호선","lot":"126.676203","bldn_nm":"석남(거북시장)","lat":"37.506193"},
{"bldn_id":"3212","route":"인천2호선","lot":"126.676672","bldn_nm":"가정중앙시장","lat":"37.517054"},
{"bldn_id":"3211","route":"인천2호선","lot":"126.675539","bldn_nm":"가정(루원시티)","lat":"37.524649"},
{"bldn_id":"3210","route":"인천2호선","lot":"126.676787","bldn_nm":"서구청","lat":"37.543742"},
{"bldn_id":"321","route":"3호선","lot":"126.99428","bldn_nm":"충무로","lat":"37.561243"},
{"bldn_id":"3209","route":"인천2호선","lot":"126.677122","bldn_nm":"아시아드경기장(공촌사거리)","lat":"37.5517"},
{"bldn_id":"3208","route":"인천2호선","lot":"126.677566","bldn_nm":"검바위","lat":"37.561405"},
{"bldn_id":"3207","route":"인천2호선","lot":"126.675687","bldn_nm":"검암","lat":"37.56866"},
{"bldn_id":"3206","route":"인천2호선","lot":"126.675844","bldn_nm":"독정","lat":"37.585212"},
{"bldn_id":"3205","route":"인천2호선","lot":"126.673203","bldn_nm":"완정","lat":"37.592928"},
{"bldn_id":"3204","route":"인천2호선","lot":"126.666998","bldn_nm":"마전","lat":"37.597566"},
{"bldn_id":"3203","route":"인천2호선","lot":"126.657108","bldn_nm":"검단사거리","lat":"37.60185"},
{"bldn_id":"3202","route":"인천2호선","lot":"126.642696","bldn_nm":"왕길","lat":"37.59518"},
{"bldn_id":"3201","route":"인천2호선","lot":"126.627178","bldn_nm":"검단오류(검단산업단지)","lat":"37.594877"},
{"bldn_id":"320","route":"3호선","lot":"126.99191","bldn_nm":"을지로3가","lat":"37.566295"},
{"bldn_id":"319","route":"3호선","lot":"126.991806","bldn_nm":"종로3가","lat":"37.571607"},
{"bldn_id":"318","route":"3호선","lot":"126.985443","bldn_nm":"안국","lat":"37.576477"},
{"bldn_id":"317","route":"3호선","lot":"126.97353","bldn_nm":"경복궁(정부서울청사)","lat":"37.575762"},
{"bldn_id":"316","route":"3호선","lot":"126.957748","bldn_nm":"독립문","lat":"37.574571"},
{"bldn_id":"315","route":"3호선","lot":"126.950291","bldn_nm":"무악재","lat":"37.582299"},
{"bldn_id":"314","route":"3호선","lot":"126.943736","bldn_nm":"홍제","lat":"37.589066"},
{"bldn_id":"3139","route":"인천1호선","lot":"126.62597","bldn_nm":"송도달빛축제공원","lat":"37.407143"},
{"bldn_id":"3138","route":"인천1호선","lot":"126.630347","bldn_nm":"국제업무지구","lat":"37.399907"},
{"bldn_id":"3137","route":"인천1호선","lot":"126.634729","bldn_nm":"센트럴파크","lat":"37.393054"},
{"bldn_id":"3136","route":"인천1호선","lot":"126.639484","bldn_nm":"인천대입구","lat":"37.386007"},
{"bldn_id":"3135","route":"인천1호선","lot":"126.645168","bldn_nm":"지식정보단지","lat":"37.378384"},
{"bldn_id":"3134","route":"인천1호선","lot":"126.656365","bldn_nm":"테크노파크","lat":"37.382268"},
{"bldn_id":"3133","route":"인천1호선","lot":"126.661673","bldn_nm":"캠퍼스타운","lat":"37.387855"},
{"bldn_id":"3132","route":"인천1호선","lot":"126.674005","bldn_nm":"동막","lat":"37.397878"},
{"bldn_id":"3131","route":"인천1호선","lot":"126.681015","bldn_nm":"동춘","lat":"37.404737"},
{"bldn_id":"3130","route":"인천1호선","lot":"126.687869","bldn_nm":"원인재","lat":"37.412333"},
{"bldn_id":"313","route":"3호선","lot":"126.935756","bldn_nm":"녹번","lat":"37.600927"},
{"bldn_id":"3129","route":"인천1호선","lot":"126.693863","bldn_nm":"신연수","lat":"37.41804"},
{"bldn_id":"3128","route":"인천1호선","lot":"126.698863","bldn_nm":"선학","lat":"37.426684"},
{"bldn_id":"3127","route":"인천1호선","lot":"126.698579","bldn_nm":"문학경기장","lat":"37.434935"},
{"bldn_id":"3126","route":"인천1호선","lot":"126.699706","bldn_nm":"인천터미널","lat":"37.442383"},
{"bldn_id":"3125","route":"인천1호선","lot":"126.701012","bldn_nm":"예술회관","lat":"37.449396"},
{"bldn_id":"3124","route":"인천1호선","lot":"126.702143","bldn_nm":"인천시청","lat":"37.457263"},
{"bldn_id":"3123","route":"인천1호선","lot":"126.707938","bldn_nm":"간석오거리","lat":"37.467048"},
{"bldn_id":"3122","route":"인천1호선","lot":"126.710208","bldn_nm":"부평삼거리","lat":"37.477679"},
{"bldn_id":"3121","route":"인천1호선","lot":"126.718247","bldn_nm":"동수","lat":"37.485312"},
{"bldn_id":"3120","route":"인천1호선","lot":"126.723453","bldn_nm":"부평","lat":"37.490535"},
{"bldn_id":"312","route":"3호선","lot":"126.929887","bldn_nm":"불광","lat":"37.610469"},
{"bldn_id":"3119","route":"인천1호선","lot":"126.722244","bldn_nm":"부평시장","lat":"37.498383"},
{"bldn_id":"3118","route":"인천1호선","lot":"126.720555","bldn_nm":"부평구청","lat":"37.508407"},
{"bldn_id":"3117","route":"인천1호선","lot":"126.721514","bldn_nm":"갈산","lat":"37.517268"},
{"bldn_id":"3116","route":"인천1호선","lot":"126.722527","bldn_nm":"작전","lat":"37.530415"},
{"bldn_id":"3115","route":"인천1호선","lot":"126.722597","bldn_nm":"경인교대입구","lat":"37.538157"},
{"bldn_id":"3114","route":"인천1호선","lot":"126.728128","bldn_nm":"계산","lat":"37.543238"},
{"bldn_id":"3113","route":"인천1호선","lot":"126.738665","bldn_nm":"임학","lat":"37.545059"},
{"bldn_id":"3112","route":"인천1호선","lot":"126.745077","bldn_nm":"박촌","lat":"37.553703"},
{"bldn_id":"3111","route":"인천1호선","lot":"126.742654","bldn_nm":"귤현","lat":"37.566379"},
{"bldn_id":"3110","route":"인천1호선","lot":"126.73578","bldn_nm":"계양","lat":"37.571449"},
{"bldn_id":"311","route":"3호선","lot":"126.921008","bldn_nm":"연신내","lat":"37.619001"},
{"bldn_id":"310","route":"3호선","lot":"126.918821","bldn_nm":"구파발","lat":"37.636763"},
{"bldn_id":"309","route":"3호선","lot":"126.913951","bldn_nm":"지축","lat":"37.648048"},
{"bldn_id":"2828","route":"8호선","lot":"127.13977","bldn_nm":"남위례","lat":"37.4624"},
{"bldn_id":"2827","route":"8호선","lot":"127.129837","bldn_nm":"모란","lat":"37.433824"},
{"bldn_id":"2826","route":"8호선","lot":"127.140722","bldn_nm":"수진","lat":"37.437428"},
{"bldn_id":"2825","route":"8호선","lot":"127.147564","bldn_nm":"신흥","lat":"37.440918"},
{"bldn_id":"2824","route":"8호선","lot":"127.156866","bldn_nm":"단대오거리","lat":"37.44521"},
{"bldn_id":"2823","route":"8호선","lot":"127.159816","bldn_nm":"남한산성입구(성남법원.검찰청)","lat":"37.451535"},
{"bldn_id":"2822","route":"8호선","lot":"127.149908","bldn_nm":"산성","lat":"37.457122"},
{"bldn_id":"2821","route":"8호선","lot":"127.126732","bldn_nm":"복정","lat":"37.471052"},
{"bldn_id":"2820","route":"8호선","lot":"127.126191","bldn_nm":"장지","lat":"37.478703"},
{"bldn_id":"2819","route":"8호선","lot":"127.1225","bldn_nm":"문정","lat":"37.485855"},
{"bldn_id":"2818","route":"8호선","lot":"127.118398","bldn_nm":"가락시장","lat":"37.492888"},
{"bldn_id":"2817","route":"8호선","lot":"127.112183","bldn_nm":"송파","lat":"37.499703"},
{"bldn_id":"2816","route":"8호선","lot":"127.106832","bldn_nm":"석촌","lat":"37.505557"},
{"bldn_id":"2815","route":"8호선","lot":"127.104338","bldn_nm":"잠실(송파구청)","lat":"37.514692"},
{"bldn_id":"2814","route":"8호선","lot":"127.112359","bldn_nm":"몽촌토성(평화의문)","lat":"37.517409"},
{"bldn_id":"2813","route":"8호선","lot":"127.120508","bldn_nm":"강동구청","lat":"37.530341"},
{"bldn_id":"2812","route":"8호선","lot":"127.123254","bldn_nm":"천호(풍납토성)","lat":"37.538113"},
{"bldn_id":"2811","route":"8호선","lot":"127.127562","bldn_nm":"암사","lat":"37.55021"},
{"bldn_id":"2810","route":"8호선","lot":"127.13702","bldn_nm":"암사역사공원","lat":"37.55695"},
{"bldn_id":"2809","route":"별내선","lot":"127.13794","bldn_nm":"장자호수공원","lat":"37.58738"},
{"bldn_id":"2808","route":"별내선","lot":"127.1407","bldn_nm":"구리","lat":"37.60262"},
{"bldn_id":"2807","route":"별내선","lot":"127.13793","bldn_nm":"동구릉","lat":"37.61105"},
{"bldn_id":"2806","route":"별내선","lot":"127.14973","bldn_nm":"다산","lat":"37.62429"},
{"bldn_id":"2805","route":"별내선","lot":"127.1276","bldn_nm":"별내","lat":"37.64232"},
{"bldn_id":"2761","route":"7호선","lot":"126.721599","bldn_nm":"부평구청","lat":"37.507394"},
{"bldn_id":"2760","route":"7호선","lot":"126.73128","bldn_nm":"굴포천","lat":"37.506997"},
{"bldn_id":"2759","route":"7호선","lot":"126.742153","bldn_nm":"삼산체육관","lat":"37.506411"},
{"bldn_id":"2758","route":"7호선","lot":"126.753083","bldn_nm":"상동","lat":"37.505781"},
{"bldn_id":"2757","route":"7호선","lot":"126.763538","bldn_nm":"부천시청","lat":"37.504631"},
{"bldn_id":"2756","route":"7호선","lot":"126.77596","bldn_nm":"신중동","lat":"37.503048"},
{"bldn_id":"2755","route":"7호선","lot":"126.787036","bldn_nm":"춘의","lat":"37.503663"},
{"bldn_id":"2754","route":"7호선","lot":"126.797337","bldn_nm":"부천종합운동장","lat":"37.50538"},
{"bldn_id":"2753","route":"7호선","lot":"126.810939","bldn_nm":"까치울","lat":"37.506207"},
{"bldn_id":"2752","route":"7호선","lot":"126.823023","bldn_nm":"온수(성공회대입구)","lat":"37.492092"},
{"bldn_id":"2751","route":"7호선","lot":"126.838713","bldn_nm":"천왕","lat":"37.486637"},
{"bldn_id":"2750","route":"7호선","lot":"126.854876","bldn_nm":"광명사거리","lat":"37.479252"},
{"bldn_id":"2749","route":"7호선","lot":"126.867911","bldn_nm":"철산","lat":"37.47605"},
{"bldn_id":"2748","route":"7호선","lot":"126.882656","bldn_nm":"가산디지털단지","lat":"37.480338"},
{"bldn_id":"2747","route":"7호선","lot":"126.887249","bldn_nm":"남구로","lat":"37.486056"},
{"bldn_id":"2746","route":"7호선","lot":"126.897075","bldn_nm":"대림(구로구청)","lat":"37.493013"},
{"bldn_id":"2745","route":"7호선","lot":"126.90993","bldn_nm":"신풍","lat":"37.50008"},
{"bldn_id":"2744","route":"7호선","lot":"126.920428","bldn_nm":"보라매","lat":"37.499872"},
{"bldn_id":"2743","route":"7호선","lot":"126.928276","bldn_nm":"신대방삼거리","lat":"37.499701"},
{"bldn_id":"2742","route":"7호선","lot":"126.93915","bldn_nm":"장승배기","lat":"37.504898"},
{"bldn_id":"2741","route":"7호선","lot":"126.94791","bldn_nm":"상도","lat":"37.502834"},
{"bldn_id":"2740","route":"7호선","lot":"126.953822","bldn_nm":"숭실대입구(살피재)","lat":"37.496029"},
{"bldn_id":"2739","route":"7호선","lot":"126.971251","bldn_nm":"남성","lat":"37.484596"},
{"bldn_id":"2738","route":"7호선","lot":"126.981605","bldn_nm":"이수","lat":"37.485196"},
{"bldn_id":"2737","route":"7호선","lot":"126.993513","bldn_nm":"내방","lat":"37.487618"},
{"bldn_id":"2736","route":"7호선","lot":"127.005068","bldn_nm":"고속터미널","lat":"37.503367"},
{"bldn_id":"2735","route":"7호선","lot":"127.011727","bldn_nm":"반포","lat":"37.508178"},
{"bldn_id":"2734","route":"7호선","lot":"127.021415","bldn_nm":"논현","lat":"37.511093"},
{"bldn_id":"2733","route":"7호선","lot":"127.031656","bldn_nm":"학동","lat":"37.514229"},
{"bldn_id":"2732","route":"7호선","lot":"127.041255","bldn_nm":"강남구청","lat":"37.517179"},
{"bldn_id":"2731","route":"7호선","lot":"127.05335","bldn_nm":"청담","lat":"37.519365"},
{"bldn_id":"2730","route":"7호선","lot":"127.066704","bldn_nm":"뚝섬유원지","lat":"37.53154"},
{"bldn_id":"2729","route":"7호선","lot":"127.071011","bldn_nm":"건대입구","lat":"37.540786"},
{"bldn_id":"2728","route":"7호선","lot":"127.074658","bldn_nm":"어린이대공원(세종대)","lat":"37.548014"},
{"bldn_id":"2727","route":"7호선","lot":"127.079338","bldn_nm":"군자(능동)","lat":"37.556897"},
{"bldn_id":"2726","route":"7호선","lot":"127.08432","bldn_nm":"중곡","lat":"37.565923"},
{"bldn_id":"2725","route":"7호선","lot":"127.086727","bldn_nm":"용마산","lat":"37.573647"},
{"bldn_id":"2724","route":"7호선","lot":"127.088478","bldn_nm":"사가정","lat":"37.580894"},
{"bldn_id":"2723","route":"7호선","lot":"127.087503","bldn_nm":"면목","lat":"37.588579"},
{"bldn_id":"2722","route":"7호선","lot":"127.085716","bldn_nm":"상봉(시외버스터미널)","lat":"37.595577"},
{"bldn_id":"2721","route":"7호선","lot":"127.079264","bldn_nm":"중화","lat":"37.602545"},
{"bldn_id":"2720","route":"7호선","lot":"127.077725","bldn_nm":"먹골","lat":"37.610637"},
{"bldn_id":"2719","route":"7호선","lot":"127.075397","bldn_nm":"태릉입구","lat":"37.618294"},
{"bldn_id":"2718","route":"7호선","lot":"127.072896","bldn_nm":"공릉(서울과학기술대)","lat":"37.625742"},
{"bldn_id":"2717","route":"7호선","lot":"127.06799","bldn_nm":"하계","lat":"37.636352"},
{"bldn_id":"2716","route":"7호선","lot":"127.064303","bldn_nm":"중계","lat":"37.644583"},
{"bldn_id":"2715","route":"7호선","lot":"127.060462","bldn_nm":"노원","lat":"37.654836"},
{"bldn_id":"2714","route":"7호선","lot":"127.057675","bldn_nm":"마들","lat":"37.66494"},
{"bldn_id":"2713","route":"7호선","lot":"127.055315","bldn_nm":"수락산","lat":"37.67785"},
{"bldn_id":"2712","route":"7호선","lot":"127.046509","bldn_nm":"도봉산","lat":"37.689241"},
{"bldn_id":"2711","route":"7호선","lot":"127.053196","bldn_nm":"장암","lat":"37.700109"},
{"bldn_id":"2649","route":"6호선","lot":"127.102231","bldn_nm":"신내","lat":"37.613174"},
{"bldn_id":"2648","route":"6호선","lot":"127.091401","bldn_nm":"봉화산(서울의료원)","lat":"37.617283"},
{"bldn_id":"2647","route":"6호선","lot":"127.084689","bldn_nm":"화랑대(서울여대입구)","lat":"37.620064"},
{"bldn_id":"2646","route":"6호선","lot":"127.074735","bldn_nm":"태릉입구","lat":"37.617338"},
{"bldn_id":"2645","route":"6호선","lot":"127.065595","bldn_nm":"석계","lat":"37.614872"},
{"bldn_id":"2644","route":"6호선","lot":"127.056431","bldn_nm":"돌곶이","lat":"37.610537"},
{"bldn_id":"2643","route":"6호선","lot":"127.048491","bldn_nm":"상월곡(한국과학기술연구원)","lat":"37.606377"},
{"bldn_id":"2642","route":"6호선","lot":"127.041518","bldn_nm":"월곡(동덕여대)","lat":"37.601948"},
{"bldn_id":"2641","route":"6호선","lot":"127.036296","bldn_nm":"고려대(종암)","lat":"37.590508"},
{"bldn_id":"2640","route":"6호선","lot":"127.029005","bldn_nm":"안암(고대병원앞)","lat":"37.586272"},
{"bldn_id":"2639","route":"6호선","lot":"127.019351","bldn_nm":"보문","lat":"37.585274"},
{"bldn_id":"2638","route":"6호선","lot":"127.015241","bldn_nm":"창신","lat":"37.579661"},
{"bldn_id":"2637","route":"6호선","lot":"127.015653","bldn_nm":"동묘앞","lat":"37.572279"},
{"bldn_id":"2636","route":"6호선","lot":"127.016146","bldn_nm":"신당","lat":"37.566154"},
{"bldn_id":"2635","route":"6호선","lot":"127.013986","bldn_nm":"청구","lat":"37.560608"},
{"bldn_id":"2634","route":"6호선","lot":"127.010358","bldn_nm":"약수","lat":"37.554263"},
{"bldn_id":"2633","route":"6호선","lot":"127.007055","bldn_nm":"버티고개","lat":"37.548013"},
{"bldn_id":"2632","route":"6호선","lot":"127.001725","bldn_nm":"한강진","lat":"37.539631"},
{"bldn_id":"2631","route":"6호선","lot":"126.994302","bldn_nm":"이태원","lat":"37.534488"},
{"bldn_id":"2630","route":"6호선","lot":"126.986695","bldn_nm":"녹사평(용산구청)","lat":"37.534675"},
{"bldn_id":"2629","route":"6호선","lot":"126.974032","bldn_nm":"삼각지","lat":"37.535534"},
{"bldn_id":"2628","route":"6호선","lot":"126.961384","bldn_nm":"효창공원앞","lat":"37.539233"},
{"bldn_id":"2627","route":"6호선","lot":"126.951678","bldn_nm":"공덕","lat":"37.543555"},
{"bldn_id":"2626","route":"6호선","lot":"126.942069","bldn_nm":"대흥(서강대앞)","lat":"37.547771"},
{"bldn_id":"2625","route":"6호선","lot":"126.931993","bldn_nm":"광흥창(서강)","lat":"37.547456"},
{"bldn_id":"2624","route":"6호선","lot":"126.922852","bldn_nm":"상수","lat":"37.547716"},
{"bldn_id":"2623","route":"6호선","lot":"126.913366","bldn_nm":"합정","lat":"37.549209"},
{"bldn_id":"2622","route":"6호선","lot":"126.910052","bldn_nm":"망원","lat":"37.556094"},
{"bldn_id":"2621","route":"6호선","lot":"126.903343","bldn_nm":"마포구청","lat":"37.563515"},
{"bldn_id":"2620","route":"6호선","lot":"126.899298","bldn_nm":"월드컵경기장(성산)","lat":"37.569532"},
{"bldn_id":"2619","route":"6호선","lot":"126.901391","bldn_nm":"디지털미디어시티","lat":"37.576108"},
{"bldn_id":"2618","route":"6호선","lot":"126.909645","bldn_nm":"증산(명지대앞)","lat":"37.583876"},
{"bldn_id":"2617","route":"6호선","lot":"126.913629","bldn_nm":"새절(신사)","lat":"37.591148"},
{"bldn_id":"2616","route":"6호선","lot":"126.91727","bldn_nm":"구산","lat":"37.611377"},
{"bldn_id":"2615","route":"6호선","lot":"126.920625","bldn_nm":"연신내","lat":"37.618636"},
{"bldn_id":"2614","route":"6호선","lot":"126.933031","bldn_nm":"독바위","lat":"37.618456"},
{"bldn_id":"2613","route":"6호선","lot":"126.92939","bldn_nm":"불광","lat":"37.610873"},
{"bldn_id":"2612","route":"6호선","lot":"126.922744","bldn_nm":"역촌","lat":"37.606021"},
{"bldn_id":"2611","route":"6호선","lot":"126.915577","bldn_nm":"응암","lat":"37.598605"},
{"bldn_id":"2566","route":"5호선","lot":"127.20612","bldn_nm":"하남검단산","lat":"37.54205"},
{"bldn_id":"2565","route":"5호선","lot":"127.22345","bldn_nm":"하남시청(덕풍-신장)","lat":"37.53972"},
{"bldn_id":"2564","route":"5호선","lot":"127.203864","bldn_nm":"하남풍산","lat":"37.552034"},
{"bldn_id":"2563","route":"5호선","lot":"127.193877","bldn_nm":"미사","lat":"37.560927"},
{"bldn_id":"2562","route":"5호선","lot":"127.17593","bldn_nm":"강일","lat":"37.55749"},
{"bldn_id":"2561","route":"5호선","lot":"127.152781","bldn_nm":"마천","lat":"37.49499"},
{"bldn_id":"2560","route":"5호선","lot":"127.14415","bldn_nm":"거여","lat":"37.493105"},
{"bldn_id":"2559","route":"5호선","lot":"127.13482","bldn_nm":"개롱","lat":"37.498079"},
{"bldn_id":"2558","route":"5호선","lot":"127.127938","bldn_nm":"오금","lat":"37.502057"},
{"bldn_id":"2557","route":"5호선","lot":"127.126133","bldn_nm":"방이","lat":"37.508857"},
{"bldn_id":"2556","route":"5호선","lot":"127.130923","bldn_nm":"올림픽공원(한국체대)","lat":"37.516201"},
{"bldn_id":"2555","route":"5호선","lot":"127.136248","bldn_nm":"둔촌동","lat":"37.527788"},
{"bldn_id":"2554","route":"5호선","lot":"127.166417","bldn_nm":"상일동","lat":"37.556712"},
{"bldn_id":"2553","route":"5호선","lot":"127.154151","bldn_nm":"고덕","lat":"37.555004"},
{"bldn_id":"2552","route":"5호선","lot":"127.143999","bldn_nm":"명일","lat":"37.55137"},
{"bldn_id":"2551","route":"5호선","lot":"127.142853","bldn_nm":"굽은다리(강동구민회관앞)","lat":"37.545477"},
{"bldn_id":"2550","route":"5호선","lot":"127.140004","bldn_nm":"길동","lat":"37.537801"},
{"bldn_id":"2549","route":"5호선","lot":"127.132481","bldn_nm":"강동","lat":"37.535804"},
{"bldn_id":"2548","route":"5호선","lot":"127.123308","bldn_nm":"천호(풍납토성)","lat":"37.53864"},
{"bldn_id":"2547","route":"5호선","lot":"127.10357","bldn_nm":"광나루(장신대)","lat":"37.545303"},
{"bldn_id":"2546","route":"5호선","lot":"127.089761","bldn_nm":"아차산(어린이대공원후문)","lat":"37.551691"},
{"bldn_id":"2545","route":"5호선","lot":"127.079577","bldn_nm":"군자(능동)","lat":"37.557088"},
{"bldn_id":"2544","route":"5호선","lot":"127.064623","bldn_nm":"장한평","lat":"37.56144"},
{"bldn_id":"2543","route":"5호선","lot":"127.052704","bldn_nm":"답십리","lat":"37.566747"},
{"bldn_id":"2542","route":"5호선","lot":"127.042973","bldn_nm":"마장","lat":"37.5661"},
{"bldn_id":"2541","route":"5호선","lot":"127.037059","bldn_nm":"왕십리(성동구청)","lat":"37.56184"},
{"bldn_id":"2540","route":"5호선","lot":"127.029476","bldn_nm":"행당","lat":"37.557322"},
{"bldn_id":"2539","route":"5호선","lot":"127.020331","bldn_nm":"신금호","lat":"37.554548"},
{"bldn_id":"2538","route":"5호선","lot":"127.013639","bldn_nm":"청구","lat":"37.560276"},
{"bldn_id":"2537","route":"5호선","lot":"127.005353","bldn_nm":"동대문역사문화공원","lat":"37.564665"},
{"bldn_id":"2536","route":"5호선","lot":"126.998032","bldn_nm":"을지로4가","lat":"37.567352"},
{"bldn_id":"2535","route":"5호선","lot":"126.990305","bldn_nm":"종로3가","lat":"37.57254"},
{"bldn_id":"2534","route":"5호선","lot":"126.97717","bldn_nm":"광화문(세종문화회관)","lat":"37.571525"},
{"bldn_id":"2533","route":"5호선","lot":"126.966641","bldn_nm":"서대문","lat":"37.565773"},
{"bldn_id":"2532","route":"5호선","lot":"126.9629","bldn_nm":"충정로(경기대입구)","lat":"37.560236"},
{"bldn_id":"2531","route":"5호선","lot":"126.95682","bldn_nm":"애오개","lat":"37.553736"},
{"bldn_id":"2530","route":"5호선","lot":"126.951372","bldn_nm":"공덕","lat":"37.544431"},
{"bldn_id":"2529","route":"5호선","lot":"126.945932","bldn_nm":"마포","lat":"37.539574"},
{"bldn_id":"2528","route":"5호선","lot":"126.932901","bldn_nm":"여의나루","lat":"37.527098"},
{"bldn_id":"2527","route":"5호선","lot":"126.924357","bldn_nm":"여의도","lat":"37.521747"},
{"bldn_id":"2526","route":"5호선","lot":"126.914839","bldn_nm":"신길","lat":"37.517623"},
{"bldn_id":"2525","route":"5호선","lot":"126.905139","bldn_nm":"영등포시장","lat":"37.522669"},
{"bldn_id":"2524","route":"5호선","lot":"126.89503","bldn_nm":"영등포구청","lat":"37.5242"},
{"bldn_id":"2523","route":"5호선","lot":"126.886129","bldn_nm":"양평","lat":"37.525569"},
{"bldn_id":"2522","route":"5호선","lot":"126.875181","bldn_nm":"오목교(목동운동장앞)","lat":"37.524496"},
{"bldn_id":"2521","route":"5호선","lot":"126.864931","bldn_nm":"목동","lat":"37.526065"},
{"bldn_id":"2520","route":"5호선","lot":"126.856191","bldn_nm":"신정(은행정)","lat":"37.524997"},
{"bldn_id":"2519","route":"5호선","lot":"126.846683","bldn_nm":"까치산","lat":"37.531768"},
{"bldn_id":"2518","route":"5호선","lot":"126.840461","bldn_nm":"화곡","lat":"37.541513"},
{"bldn_id":"2517","route":"5호선","lot":"126.836318","bldn_nm":"우장산","lat":"37.548768"},
{"bldn_id":"2516","route":"5호선","lot":"126.837668","bldn_nm":"발산","lat":"37.558598"},
{"bldn_id":"2515","route":"5호선","lot":"126.825448","bldn_nm":"마곡","lat":"37.560183"},
{"bldn_id":"2514","route":"5호선","lot":"126.811973","bldn_nm":"송정","lat":"37.561184"},
{"bldn_id":"2513","route":"5호선","lot":"126.801292","bldn_nm":"김포공항","lat":"37.562384"},
{"bldn_id":"2512","route":"5호선","lot":"126.806171","bldn_nm":"개화산","lat":"37.572399"},
{"bldn_id":"2511","route":"5호선","lot":"126.812741","bldn_nm":"방화","lat":"37.577446"},
{"bldn_id":"250","route":"2호선","lot":"127.038091","bldn_nm":"용두(동대문구청)","lat":"37.574028"},
{"bldn_id":"249","route":"2호선","lot":"126.852912","bldn_nm":"신정네거리","lat":"37.520074"},
{"bldn_id":"248","route":"2호선","lot":"126.865819","bldn_nm":"양천구청","lat":"37.512398"},
{"bldn_id":"247","route":"2호선","lot":"126.882768","bldn_nm":"도림천","lat":"37.514287"},
{"bldn_id":"246","route":"2호선","lot":"127.025087","bldn_nm":"신설동","lat":"37.575297"},
{"bldn_id":"245","route":"2호선","lot":"127.046481","bldn_nm":"신답","lat":"37.57004"},
{"bldn_id":"244","route":"2호선","lot":"127.050899","bldn_nm":"용답","lat":"37.561904"},
{"bldn_id":"243","route":"2호선","lot":"126.963672","bldn_nm":"충정로(경기대입구)","lat":"37.559973"},
{"bldn_id":"242","route":"2호선","lot":"126.956141","bldn_nm":"아현","lat":"37.557345"},
{"bldn_id":"241","route":"2호선","lot":"126.946013","bldn_nm":"이대","lat":"37.556733"},
{"bldn_id":"240","route":"2호선","lot":"126.936893","bldn_nm":"신촌","lat":"37.555134"},
{"bldn_id":"239","route":"2호선","lot":"126.925381","bldn_nm":"홍대입구","lat":"37.557192"},
{"bldn_id":"238","route":"2호선","lot":"126.913739","bldn_nm":"합정","lat":"37.549463"},
{"bldn_id":"237","route":"2호선","lot":"126.902281","bldn_nm":"당산","lat":"37.53438"},
{"bldn_id":"236","route":"2호선","lot":"126.895951","bldn_nm":"영등포구청","lat":"37.52497"},
{"bldn_id":"235","route":"2호선","lot":"126.89476","bldn_nm":"문래","lat":"37.517933"},
{"bldn_id":"234","route":"2호선","lot":"126.891295","bldn_nm":"신도림","lat":"37.508725"},
{"bldn_id":"233","route":"2호선","lot":"126.895801","bldn_nm":"대림(구로구청)","lat":"37.49297"},
{"bldn_id":"232","route":"2호선","lot":"126.901401","bldn_nm":"구로디지털단지","lat":"37.485266"},
{"bldn_id":"231","route":"2호선","lot":"126.913149","bldn_nm":"신대방","lat":"37.487462"},
{"bldn_id":"230","route":"2호선","lot":"126.929715","bldn_nm":"신림","lat":"37.484201"},
{"bldn_id":"229","route":"2호선","lot":"126.941892","bldn_nm":"봉천","lat":"37.482362"},
{"bldn_id":"228","route":"2호선","lot":"126.952739","bldn_nm":"서울대입구(관악구청)","lat":"37.481247"},
{"bldn_id":"227","route":"2호선","lot":"126.963693","bldn_nm":"낙성대","lat":"37.47693"},
{"bldn_id":"226","route":"2호선","lot":"126.981685","bldn_nm":"사당","lat":"37.47653"},
{"bldn_id":"225","route":"2호선","lot":"126.997596","bldn_nm":"방배","lat":"37.481426"},
{"bldn_id":"224","route":"2호선","lot":"127.007917","bldn_nm":"서초","lat":"37.491897"},
{"bldn_id":"223","route":"2호선","lot":"127.01408","bldn_nm":"교대(법원.검찰청)","lat":"37.493415"},
{"bldn_id":"222","route":"2호선","lot":"127.027926","bldn_nm":"강남","lat":"37.497175"},
{"bldn_id":"221","route":"2호선","lot":"127.036456","bldn_nm":"역삼","lat":"37.500622"},
{"bldn_id":"220","route":"2호선","lot":"127.049008","bldn_nm":"선릉","lat":"37.504503"},
{"bldn_id":"219","route":"2호선","lot":"127.06316","bldn_nm":"삼성(무역센터)","lat":"37.508844"},
{"bldn_id":"218","route":"2호선","lot":"127.073642","bldn_nm":"종합운동장","lat":"37.510997"},
{"bldn_id":"217","route":"2호선","lot":"127.086162","bldn_nm":"잠실새내","lat":"37.511687"},
{"bldn_id":"216","route":"2호선","lot":"127.102234","bldn_nm":"잠실(송파구청)","lat":"37.51395"},
{"bldn_id":"215","route":"2호선","lot":"127.10379","bldn_nm":"잠실나루","lat":"37.520733"},
{"bldn_id":"214","route":"2호선","lot":"127.094681","bldn_nm":"강변(동서울터미널)","lat":"37.535095"},
{"bldn_id":"213","route":"2호선","lot":"127.085916","bldn_nm":"구의(광진구청)","lat":"37.537077"},
{"bldn_id":"212","route":"2호선","lot":"127.07023","bldn_nm":"건대입구","lat":"37.540693"},
{"bldn_id":"211","route":"2호선","lot":"127.055961","bldn_nm":"성수","lat":"37.544581"},
{"bldn_id":"210","route":"2호선","lot":"127.047367","bldn_nm":"뚝섬","lat":"37.547184"},
{"bldn_id":"209","route":"2호선","lot":"127.043655","bldn_nm":"한양대","lat":"37.555273"},
{"bldn_id":"208","route":"2호선","lot":"127.037732","bldn_nm":"왕십리(성동구청)","lat":"37.561533"},
{"bldn_id":"207","route":"2호선","lot":"127.029354","bldn_nm":"상왕십리","lat":"37.564354"},
{"bldn_id":"206","route":"2호선","lot":"127.01782","bldn_nm":"신당","lat":"37.565972"},
{"bldn_id":"205","route":"2호선","lot":"127.007896","bldn_nm":"동대문역사문화공원","lat":"37.565138"},
{"bldn_id":"204","route":"2호선","lot":"126.998079","bldn_nm":"을지로4가","lat":"37.566941"},
{"bldn_id":"203","route":"2호선","lot":"126.99191","bldn_nm":"을지로3가","lat":"37.566295"},
{"bldn_id":"202","route":"2호선","lot":"126.982618","bldn_nm":"을지로입구","lat":"37.566014"},
{"bldn_id":"201","route":"2호선","lot":"126.977108","bldn_nm":"시청","lat":"37.564718"},
{"bldn_id":"1982","route":"서해선","lot":"126.797289","bldn_nm":"부천종합운동장","lat":"37.505457"},
{"bldn_id":"1981","route":"서해선","lot":"126.8049","bldn_nm":"원종","lat":"37.5239"},
{"bldn_id":"1980","route":"서해선","lot":"126.8041","bldn_nm":"김포공항","lat":"37.5617"},
{"bldn_id":"1958","route":"일산선","lot":"126.747569","bldn_nm":"대화","lat":"37.676087"},
{"bldn_id":"1957","route":"일산선","lot":"126.761334","bldn_nm":"주엽","lat":"37.670072"},
{"bldn_id":"1956","route":"일산선","lot":"126.773359","bldn_nm":"정발산","lat":"37.659477"},
{"bldn_id":"1955","route":"일산선","lot":"126.77762","bldn_nm":"마두","lat":"37.652206"},
{"bldn_id":"1954","route":"일산선","lot":"126.78787","bldn_nm":"백석","lat":"37.643114"},
{"bldn_id":"1953","route":"일산선","lot":"126.811024","bldn_nm":"대곡","lat":"37.631626"},
{"bldn_id":"1952","route":"일산선","lot":"126.83265","bldn_nm":"화정","lat":"37.634592"},
{"bldn_id":"1951","route":"일산선","lot":"126.843041","bldn_nm":"원당","lat":"37.653324"},
{"bldn_id":"1950","route":"일산선","lot":"126.895558","bldn_nm":"삼송","lat":"37.653083"},
{"bldn_id":"1949","route":"일산선","lot":"126.91397","bldn_nm":"지축","lat":"37.648017"},
{"bldn_id":"1948","route":"일산선","lot":"126.872642","bldn_nm":"원흥","lat":"37.650658"},
{"bldn_id":"1919","route":"경원선","lot":"127.07372","bldn_nm":"연천","lat":"38.10073"},
{"bldn_id":"1918","route":"경원선","lot":"127.0718","bldn_nm":"전곡","lat":"38.02458"},
{"bldn_id":"1917","route":"경원선","lot":"127.06912","bldn_nm":"초성리","lat":"37.98172"},
{"bldn_id":"1916","route":"경원선","lot":"127.061034","bldn_nm":"소요산","lat":"37.9481"},
{"bldn_id":"1915","route":"경원선","lot":"127.05479","bldn_nm":"동두천","lat":"37.927878"},
{"bldn_id":"1914","route":"경원선","lot":"127.057277","bldn_nm":"보산","lat":"37.913702"},
{"bldn_id":"1913","route":"경원선","lot":"127.056482","bldn_nm":"동두천중앙","lat":"37.901885"},
{"bldn_id":"1912","route":"경원선","lot":"127.055716","bldn_nm":"지행","lat":"37.892334"},
{"bldn_id":"1911","route":"경원선","lot":"127.061277","bldn_nm":"덕정","lat":"37.843188"},
{"bldn_id":"1910","route":"경원선","lot":"127.056486","bldn_nm":"덕계","lat":"37.818486"},
{"bldn_id":"1909","route":"경원선","lot":"127.044708","bldn_nm":"양주","lat":"37.774381"},
{"bldn_id":"1908","route":"경원선","lot":"127.042292","bldn_nm":"녹양","lat":"37.75938"},
{"bldn_id":"1907","route":"경원선","lot":"127.044213","bldn_nm":"가능","lat":"37.748577"},
{"bldn_id":"1906","route":"경원선","lot":"127.045958","bldn_nm":"의정부","lat":"37.738415"},
{"bldn_id":"1905","route":"경원선","lot":"127.04736","bldn_nm":"회룡","lat":"37.724416"},
{"bldn_id":"1904","route":"경원선","lot":"127.047455","bldn_nm":"망월사","lat":"37.709914"},
{"bldn_id":"1903","route":"경원선","lot":"127.046049","bldn_nm":"도봉산","lat":"37.689534"},
{"bldn_id":"1902","route":"경원선","lot":"127.045595","bldn_nm":"도봉","lat":"37.679563"},
{"bldn_id":"1901","route":"경원선","lot":"127.044273","bldn_nm":"방학","lat":"37.667503"},
{"bldn_id":"1891","route":"수인선","lot":"126.617326","bldn_nm":"인천","lat":"37.476403"},
{"bldn_id":"1890","route":"수인선","lot":"126.623853","bldn_nm":"신포","lat":"37.46874"},
{"bldn_id":"1889","route":"수인선","lot":"126.638297","bldn_nm":"숭의","lat":"37.460789"},
{"bldn_id":"1888","route":"수인선","lot":"126.649619","bldn_nm":"인하대","lat":"37.448493"},
{"bldn_id":"1886","route":"수인선","lot":"126.657772","bldn_nm":"송도","lat":"37.428514"},
{"bldn_id":"1885","route":"수인선","lot":"126.67894","bldn_nm":"연수","lat":"37.417804"},
{"bldn_id":"1884","route":"수인선","lot":"126.686648","bldn_nm":"원인재","lat":"37.413049"},
{"bldn_id":"1883","route":"수인선","lot":"126.695216","bldn_nm":"남동인더스파크","lat":"37.407722"},
{"bldn_id":"1882","route":"수인선","lot":"126.708627","bldn_nm":"호구포","lat":"37.401637"},
{"bldn_id":"1881","route":"수인선","lot":"126.722478","bldn_nm":"인천논현","lat":"37.400614"},
{"bldn_id":"1880","route":"수인선","lot":"126.733522","bldn_nm":"소래포구","lat":"37.40095"},
{"bldn_id":"1879","route":"수인선","lot":"126.742699","bldn_nm":"월곶","lat":"37.391769"},
{"bldn_id":"1878","route":"수인선","lot":"126.745177","bldn_nm":"달월","lat":"37.379681"},
{"bldn_id":"1877","route":"수인선","lot":"126.85685","bldn_nm":"사리","lat":"37.28998"},
{"bldn_id":"1876","route":"수인선","lot":"126.879483","bldn_nm":"야목","lat":"37.264179"},
{"bldn_id":"1875","route":"수인선","lot":"126.90879","bldn_nm":"어천","lat":"37.250102"},
{"bldn_id":"1874","route":"수인선","lot":"126.963676","bldn_nm":"오목천","lat":"37.24304"},
{"bldn_id":"1873","route":"수인선","lot":"126.980248","bldn_nm":"고색","lat":"37.24963"},
{"bldn_id":"1872","route":"분당선","lot":"127.015678","bldn_nm":"매교","lat":"37.265481"},
{"bldn_id":"1871","route":"분당선","lot":"127.030736","bldn_nm":"수원시청","lat":"37.261911"},
{"bldn_id":"1870","route":"분당선","lot":"127.040566","bldn_nm":"매탄권선","lat":"37.252759"},
{"bldn_id":"1869","route":"분당선","lot":"127.057353","bldn_nm":"망포","lat":"37.245795"},
{"bldn_id":"1868","route":"분당선","lot":"127.071394","bldn_nm":"영통","lat":"37.251568"},
{"bldn_id":"1867","route":"분당선","lot":"127.078934","bldn_nm":"청명","lat":"37.259489"},
{"bldn_id":"1866","route":"분당선","lot":"127.108847","bldn_nm":"상갈","lat":"37.26181"},
{"bldn_id":"1865","route":"분당선","lot":"127.11591","bldn_nm":"기흥","lat":"37.275061"},
{"bldn_id":"1864","route":"분당선","lot":"127.111313","bldn_nm":"신갈","lat":"37.286102"},
{"bldn_id":"1863","route":"분당선","lot":"127.105664","bldn_nm":"구성","lat":"37.298969"},
{"bldn_id":"1862","route":"분당선","lot":"127.107395","bldn_nm":"죽전","lat":"37.324753"},
{"bldn_id":"1861","route":"분당선","lot":"127.108196","bldn_nm":"보정","lat":"37.312752"},
{"bldn_id":"1860","route":"분당선","lot":"127.128248","bldn_nm":"이매","lat":"37.395371"},
{"bldn_id":"1859","route":"분당선","lot":"127.108942","bldn_nm":"오리","lat":"37.339824"},
{"bldn_id":"1858","route":"분당선","lot":"127.10891","bldn_nm":"미금","lat":"37.350077"},
{"bldn_id":"1857","route":"분당선","lot":"127.10807","bldn_nm":"정자","lat":"37.365994"},
{"bldn_id":"1856","route":"분당선","lot":"127.114322","bldn_nm":"수내","lat":"37.378455"},
{"bldn_id":"1855","route":"분당선","lot":"127.123592","bldn_nm":"서현","lat":"37.385126"},
{"bldn_id":"1854","route":"분당선","lot":"127.128715","bldn_nm":"야탑","lat":"37.411185"},
{"bldn_id":"1853","route":"분당선","lot":"127.129104","bldn_nm":"모란","lat":"37.432052"},
{"bldn_id":"1852","route":"분당선","lot":"127.127709","bldn_nm":"태평","lat":"37.440019"},
{"bldn_id":"1851","route":"분당선","lot":"127.126697","bldn_nm":"가천대","lat":"37.448605"},
{"bldn_id":"1850","route":"분당선","lot":"127.043677","bldn_nm":"선정릉","lat":"37.510735"},
{"bldn_id":"1849","route":"분당선","lot":"127.041151","bldn_nm":"강남구청","lat":"37.517469"},
{"bldn_id":"1848","route":"분당선","lot":"127.040534","bldn_nm":"압구정로데오","lat":"37.527381"},
{"bldn_id":"1847","route":"분당선","lot":"127.044707","bldn_nm":"서울숲","lat":"37.543617"},
{"bldn_id":"1846","route":"분당선","lot":"126.999422","bldn_nm":"수원","lat":"37.265917"},
{"bldn_id":"1823","route":"경인선","lot":"126.668672","bldn_nm":"도화","lat":"37.46607"},
{"bldn_id":"1822","route":"경인선","lot":"126.764843","bldn_nm":"중동","lat":"37.486562"},
{"bldn_id":"1821","route":"경인선","lot":"126.824086","bldn_nm":"온수(성공회대입구)","lat":"37.492433"},
{"bldn_id":"1817","route":"경인선","lot":"126.642706","bldn_nm":"도원","lat":"37.468446"},
{"bldn_id":"1816","route":"경인선","lot":"126.694181","bldn_nm":"간석","lat":"37.464737"},
{"bldn_id":"1815","route":"경인선","lot":"126.74109","bldn_nm":"부개","lat":"37.488418"},
{"bldn_id":"1814","route":"경인선","lot":"126.79544","bldn_nm":"소사","lat":"37.482753"},
{"bldn_id":"1813","route":"경인선","lot":"126.870793","bldn_nm":"구일","lat":"37.496756"},
{"bldn_id":"1812","route":"경인선","lot":"126.616801","bldn_nm":"인천","lat":"37.476079"},
{"bldn_id":"1811","route":"경인선","lot":"126.632802","bldn_nm":"동인천","lat":"37.475276"},
{"bldn_id":"1810","route":"경인선","lot":"126.656666","bldn_nm":"제물포","lat":"37.466769"},
{"bldn_id":"1809","route":"경인선","lot":"126.679742","bldn_nm":"주안","lat":"37.465047"},
{"bldn_id":"1808","route":"경인선","lot":"126.702896","bldn_nm":"동암","lat":"37.471408"},
{"bldn_id":"1807","route":"경인선","lot":"126.707704","bldn_nm":"백운","lat":"37.483664"},
{"bldn_id":"1806","route":"경인선","lot":"126.724506","bldn_nm":"부평","lat":"37.489445"},
{"bldn_id":"1805","route":"경인선","lot":"126.753664","bldn_nm":"송내","lat":"37.4876"},
{"bldn_id":"1804","route":"경인선","lot":"126.782686","bldn_nm":"부천","lat":"37.48405"},
{"bldn_id":"1803","route":"경인선","lot":"126.811502","bldn_nm":"역곡","lat":"37.485178"},
{"bldn_id":"1802","route":"경인선","lot":"126.845365","bldn_nm":"오류동","lat":"37.494526"},
{"bldn_id":"1801","route":"경인선","lot":"126.85968","bldn_nm":"개봉","lat":"37.494594"},
{"bldn_id":"1763","route":"안산선","lot":"126.925365","bldn_nm":"수리산","lat":"37.349801"},
{"bldn_id":"1762","route":"안산선","lot":"126.738714","bldn_nm":"오이도","lat":"37.362357"},
{"bldn_id":"1761","route":"안산선","lot":"126.742989","bldn_nm":"정왕","lat":"37.351735"},
{"bldn_id":"1760","route":"안산선","lot":"126.765844","bldn_nm":"신길온천","lat":"37.338212"},
{"bldn_id":"1759","route":"안산선","lot":"126.788532","bldn_nm":"안산","lat":"37.327082"},
{"bldn_id":"1758","route":"안산선","lot":"126.805913","bldn_nm":"초지","lat":"37.320646"},
{"bldn_id":"1757","route":"안산선","lot":"126.823144","bldn_nm":"고잔","lat":"37.316784"},
{"bldn_id":"1756","route":"안산선","lot":"126.838573","bldn_nm":"중앙","lat":"37.315941"},
{"bldn_id":"1755","route":"안산선","lot":"126.85344","bldn_nm":"한대앞","lat":"37.309689"},
{"bldn_id":"1754","route":"안산선","lot":"126.866489","bldn_nm":"상록수","lat":"37.302795"},
{"bldn_id":"1753","route":"안산선","lot":"126.903524","bldn_nm":"반월","lat":"37.312212"},
{"bldn_id":"1752","route":"안산선","lot":"126.917332","bldn_nm":"대야미","lat":"37.328467"},
{"bldn_id":"1751","route":"안산선","lot":"126.933274","bldn_nm":"산본","lat":"37.358101"},
{"bldn_id":"1750","route":"경부선","lot":"126.884466","bldn_nm":"광명","lat":"37.416182"},
{"bldn_id":"1749","route":"경부선","lot":"127.051672","bldn_nm":"서동탄","lat":"37.195504"},
{"bldn_id":"1729","route":"경부선","lot":"126.948345","bldn_nm":"당정","lat":"37.344285"},
{"bldn_id":"1728","route":"경부선","lot":"127.146826","bldn_nm":"천안","lat":"36.810005"},
{"bldn_id":"1727","route":"경부선","lot":"127.14896","bldn_nm":"두정","lat":"36.833705"},
{"bldn_id":"1726","route":"경부선","lot":"127.143904","bldn_nm":"직산","lat":"36.870593"},
{"bldn_id":"1725","route":"경부선","lot":"127.126964","bldn_nm":"성환","lat":"36.916076"},
{"bldn_id":"1724","route":"경부선","lot":"127.085159","bldn_nm":"평택","lat":"36.990726"},
{"bldn_id":"1723","route":"경부선","lot":"127.070444","bldn_nm":"지제","lat":"37.0188"},
{"bldn_id":"1722","route":"경부선","lot":"127.052819","bldn_nm":"서정리","lat":"37.056496"},
{"bldn_id":"1721","route":"경부선","lot":"127.054301","bldn_nm":"송탄","lat":"37.075696"},
{"bldn_id":"1720","route":"경부선","lot":"127.062278","bldn_nm":"진위","lat":"37.109447"},
{"bldn_id":"1719","route":"경부선","lot":"127.06672","bldn_nm":"오산","lat":"37.145885"},
{"bldn_id":"1718","route":"경부선","lot":"127.063197","bldn_nm":"오산대","lat":"37.168953"},
{"bldn_id":"1717","route":"경부선","lot":"127.04318","bldn_nm":"세마","lat":"37.187533"},
{"bldn_id":"1716","route":"경부선","lot":"127.032731","bldn_nm":"병점","lat":"37.207503"},
{"bldn_id":"1715","route":"경부선","lot":"127.013222","bldn_nm":"세류","lat":"37.245025"},
{"bldn_id":"1714","route":"경부선","lot":"126.889249","bldn_nm":"독산","lat":"37.466613"},
{"bldn_id":"1713","route":"경부선","lot":"126.999561","bldn_nm":"수원","lat":"37.266348"},
{"bldn_id":"1712","route":"경부선","lot":"126.989627","bldn_nm":"화서","lat":"37.283862"},
{"bldn_id":"1711","route":"경부선","lot":"126.97075","bldn_nm":"성균관대","lat":"37.300349"},
{"bldn_id":"1710","route":"경부선","lot":"126.948217","bldn_nm":"의왕","lat":"37.320852"},
{"bldn_id":"1709","route":"경부선","lot":"126.948462","bldn_nm":"군포","lat":"37.35356"},
{"bldn_id":"1708","route":"경부선","lot":"126.943429","bldn_nm":"금정","lat":"37.372221"},
{"bldn_id":"1707","route":"경부선","lot":"126.935433","bldn_nm":"명학","lat":"37.384653"},
{"bldn_id":"1706","route":"경부선","lot":"126.922874","bldn_nm":"안양","lat":"37.401592"},
{"bldn_id":"1705","route":"경부선","lot":"126.908706","bldn_nm":"관악","lat":"37.419232"},
{"bldn_id":"1704","route":"경부선","lot":"126.902295","bldn_nm":"석수","lat":"37.435047"},
{"bldn_id":"1703","route":"경부선","lot":"126.89398","bldn_nm":"금천구청","lat":"37.455626"},
{"bldn_id":"1702","route":"경부선","lot":"126.882581","bldn_nm":"가산디지털단지","lat":"37.481581"},
{"bldn_id":"1701","route":"경부선","lot":"126.881966","bldn_nm":"구로","lat":"37.503039"},
{"bldn_id":"159","route":"1호선","lot":"127.016429","bldn_nm":"동묘앞","lat":"37.572627"},
{"bldn_id":"158","route":"1호선","lot":"127.046835","bldn_nm":"청량리(서울시립대입구)","lat":"37.580178"},
{"bldn_id":"157","route":"1호선","lot":"127.034893","bldn_nm":"제기동","lat":"37.578103"},
{"bldn_id":"156","route":"1호선","lot":"127.025087","bldn_nm":"신설동","lat":"37.575297"},
{"bldn_id":"155","route":"1호선","lot":"127.009745","bldn_nm":"동대문","lat":"37.57142"},
{"bldn_id":"154","route":"1호선","lot":"127.001849","bldn_nm":"종로5가","lat":"37.570926"},
{"bldn_id":"153","route":"1호선","lot":"126.991806","bldn_nm":"종로3가","lat":"37.571607"},
{"bldn_id":"152","route":"1호선","lot":"126.982923","bldn_nm":"종각","lat":"37.570161"},
{"bldn_id":"1512","route":"경강선","lot":"127.11945","bldn_nm":"성남","lat":"37.39468"},
{"bldn_id":"1511","route":"경강선","lot":"127.628816","bldn_nm":"여주","lat":"37.282308"},
{"bldn_id":"1510","route":"경강선","lot":"127.570938","bldn_nm":"세종대왕릉","lat":"37.295309"},
{"bldn_id":"151","route":"1호선","lot":"126.977108","bldn_nm":"시청","lat":"37.564718"},
{"bldn_id":"1509","route":"경강선","lot":"127.490277","bldn_nm":"부발","lat":"37.260192"},
{"bldn_id":"1508","route":"경강선","lot":"127.44226","bldn_nm":"이천","lat":"37.265579"},
{"bldn_id":"1507","route":"경강선","lot":"127.40476","bldn_nm":"신둔도예촌","lat":"37.317185"},
{"bldn_id":"1506","route":"경강선","lot":"127.34674","bldn_nm":"곤지암","lat":"37.351315"},
{"bldn_id":"1505","route":"경강선","lot":"127.299","bldn_nm":"초월","lat":"37.374419"},
{"bldn_id":"1504","route":"경강선","lot":"127.25263","bldn_nm":"경기광주","lat":"37.399907"},
{"bldn_id":"1503","route":"경강선","lot":"127.20336","bldn_nm":"삼동","lat":"37.409522"},
{"bldn_id":"1502","route":"경강선","lot":"127.127819","bldn_nm":"이매","lat":"37.394655"},
{"bldn_id":"1501","route":"경강선","lot":"127.111217","bldn_nm":"판교","lat":"37.394761"},
{"bldn_id":"150","route":"1호선","lot":"126.972559","bldn_nm":"서울역","lat":"37.554648"},
{"bldn_id":"1458","route":"과천선","lot":"126.943417","bldn_nm":"금정","lat":"37.372209"},
{"bldn_id":"1457","route":"과천선","lot":"126.950806","bldn_nm":"범계","lat":"37.389793"},
{"bldn_id":"1456","route":"과천선","lot":"126.963883","bldn_nm":"평촌","lat":"37.394287"},
{"bldn_id":"1455","route":"과천선","lot":"126.976715","bldn_nm":"인덕원","lat":"37.401553"},
{"bldn_id":"1454","route":"과천선","lot":"126.98978","bldn_nm":"정부과천청사","lat":"37.426513"},
{"bldn_id":"1453","route":"과천선","lot":"126.996568","bldn_nm":"과천","lat":"37.433021"},
{"bldn_id":"1452","route":"과천선","lot":"127.006523","bldn_nm":"대공원","lat":"37.435675"},
{"bldn_id":"1451","route":"과천선","lot":"127.007888","bldn_nm":"경마공원","lat":"37.443885"},
{"bldn_id":"1450","route":"과천선","lot":"127.002303","bldn_nm":"선바위","lat":"37.451673"},
{"bldn_id":"1408","route":"장항선","lot":"126.951108","bldn_nm":"신창(순천향대)","lat":"36.769502"},
{"bldn_id":"1407","route":"장항선","lot":"127.003249","bldn_nm":"온양온천","lat":"36.780483"},
{"bldn_id":"1405","route":"장항선","lot":"127.052991","bldn_nm":"배방","lat":"36.777629"},
{"bldn_id":"1404","route":"장항선","lot":"127.08485","bldn_nm":"탕정","lat":"36.78866"},
{"bldn_id":"1403","route":"장항선","lot":"127.104361","bldn_nm":"아산","lat":"36.792053"},
{"bldn_id":"1402","route":"장항선","lot":"127.1214","bldn_nm":"쌍용(나사렛대)","lat":"36.793759"},
{"bldn_id":"1401","route":"장항선","lot":"127.135763","bldn_nm":"봉명","lat":"36.801215"},
{"bldn_id":"1329","route":"경춘선","lot":"127.717023","bldn_nm":"춘천","lat":"37.885054"},
{"bldn_id":"1328","route":"경춘선","lot":"127.723792","bldn_nm":"남춘천","lat":"37.864007"},
{"bldn_id":"1327","route":"경춘선","lot":"127.71434","bldn_nm":"김유정","lat":"37.818466"},
{"bldn_id":"1326","route":"경춘선","lot":"127.634146","bldn_nm":"강촌","lat":"37.805723"},
{"bldn_id":"1325","route":"경춘선","lot":"127.58933","bldn_nm":"백양리","lat":"37.830779"},
{"bldn_id":"1324","route":"경춘선","lot":"127.557695","bldn_nm":"굴봉산","lat":"37.832067"},
{"bldn_id":"1323","route":"경춘선","lot":"127.510739","bldn_nm":"가평","lat":"37.814536"},
{"bldn_id":"1322","route":"경춘선","lot":"127.454821","bldn_nm":"상천","lat":"37.770246"},
{"bldn_id":"1321","route":"경춘선","lot":"127.42661","bldn_nm":"청평","lat":"37.735488"},
{"bldn_id":"1320","route":"경춘선","lot":"127.379319","bldn_nm":"대성리","lat":"37.684071"},
{"bldn_id":"1319","route":"경춘선","lot":"127.311767","bldn_nm":"마석","lat":"37.652782"},
{"bldn_id":"1318","route":"경춘선","lot":"127.285379","bldn_nm":"천마산","lat":"37.658978"},
{"bldn_id":"1317","route":"경춘선","lot":"127.244493","bldn_nm":"평내호평","lat":"37.653225"},
{"bldn_id":"1316","route":"경춘선","lot":"127.207853","bldn_nm":"금곡","lat":"37.637382"},
{"bldn_id":"1315","route":"경춘선","lot":"127.176933","bldn_nm":"사릉","lat":"37.65108"},
{"bldn_id":"1314","route":"경춘선","lot":"127.143952","bldn_nm":"퇴계원","lat":"37.648311"},
{"bldn_id":"1313","route":"경춘선","lot":"127.12684","bldn_nm":"별내","lat":"37.64202"},
{"bldn_id":"1312","route":"경춘선","lot":"127.114757","bldn_nm":"갈매","lat":"37.634118"},
{"bldn_id":"1311","route":"경춘선","lot":"127.103218","bldn_nm":"신내","lat":"37.612887"},
{"bldn_id":"1294","route":"경의중앙선","lot":"126.900453","bldn_nm":"디지털미디어시티","lat":"37.577475"},
{"bldn_id":"1293","route":"경의중앙선","lot":"126.926683","bldn_nm":"홍대입구","lat":"37.557641"},
{"bldn_id":"1292","route":"경의중앙선","lot":"126.952099","bldn_nm":"공덕","lat":"37.542596"},
{"bldn_id":"1291","route":"경의중앙선","lot":"126.97103","bldn_nm":"서울역","lat":"37.557231"},
{"bldn_id":"1286","route":"경의중앙선","lot":"126.769999","bldn_nm":"운천","lat":"37.879942"},
{"bldn_id":"1285","route":"경의중앙선","lot":"126.746765","bldn_nm":"임진강","lat":"37.888421"},
{"bldn_id":"1284","route":"경의중앙선","lot":"126.788047","bldn_nm":"문산","lat":"37.854619"},
{"bldn_id":"1283","route":"경의중앙선","lot":"126.792783","bldn_nm":"파주","lat":"37.815298"},
{"bldn_id":"1282","route":"경의중앙선","lot":"126.792587","bldn_nm":"월롱","lat":"37.796188"},
{"bldn_id":"1280","route":"경의중앙선","lot":"126.774644","bldn_nm":"금촌","lat":"37.766217"},
{"bldn_id":"1279","route":"경의중앙선","lot":"126.765347","bldn_nm":"금릉","lat":"37.751322"},
{"bldn_id":"1278","route":"경의중앙선","lot":"126.767257","bldn_nm":"운정","lat":"37.725826"},
{"bldn_id":"1277","route":"경의중앙선","lot":"126.761356","bldn_nm":"야당","lat":"37.712327"},
{"bldn_id":"1276","route":"경의중앙선","lot":"126.761086","bldn_nm":"탄현","lat":"37.694023"},
{"bldn_id":"1275","route":"경의중앙선","lot":"126.769846","bldn_nm":"일산","lat":"37.682077"},
{"bldn_id":"1274","route":"경의중앙선","lot":"126.786243","bldn_nm":"풍산","lat":"37.672346"},
{"bldn_id":"1273","route":"경의중앙선","lot":"126.794461","bldn_nm":"백마","lat":"37.658239"},
{"bldn_id":"1272","route":"경의중앙선","lot":"126.801762","bldn_nm":"곡산","lat":"37.645676"},
{"bldn_id":"1271","route":"경의중앙선","lot":"126.820783","bldn_nm":"능곡","lat":"37.618808"},
{"bldn_id":"1270","route":"경의중앙선","lot":"126.834146","bldn_nm":"행신","lat":"37.612102"},
{"bldn_id":"1269","route":"경의중앙선","lot":"126.843223","bldn_nm":"강매","lat":"37.612314"},
{"bldn_id":"1268","route":"경의중앙선","lot":"126.868387","bldn_nm":"화전","lat":"37.602888"},
{"bldn_id":"1267","route":"경의중앙선","lot":"126.895611","bldn_nm":"수색","lat":"37.580842"},
{"bldn_id":"1266","route":"경의중앙선","lot":"126.900453","bldn_nm":"디지털미디어시티","lat":"37.577475"},
{"bldn_id":"1265","route":"경의중앙선","lot":"126.915487","bldn_nm":"가좌","lat":"37.568491"},
{"bldn_id":"1264","route":"경의중앙선","lot":"126.926683","bldn_nm":"홍대입구","lat":"37.557641"},
{"bldn_id":"1263","route":"경의중앙선","lot":"126.935711","bldn_nm":"서강대","lat":"37.551881"},
{"bldn_id":"1262","route":"경의중앙선","lot":"126.952099","bldn_nm":"공덕","lat":"37.542596"},
{"bldn_id":"1261","route":"경의중앙선","lot":"126.96221","bldn_nm":"효창공원앞","lat":"37.538579"},
{"bldn_id":"1252","route":"경의중앙선","lot":"126.942597","bldn_nm":"신촌","lat":"37.559733"},
{"bldn_id":"1251","route":"경의중앙선","lot":"126.97103","bldn_nm":"서울역","lat":"37.557231"},
{"bldn_id":"1220","route":"중앙선","lot":"127.629874","bldn_nm":"지평","lat":"37.476393"},
{"bldn_id":"1219","route":"중앙선","lot":"127.594647","bldn_nm":"용문","lat":"37.48223"},
{"bldn_id":"1218","route":"중앙선","lot":"127.547076","bldn_nm":"원덕","lat":"37.468672"},
{"bldn_id":"1217","route":"중앙선","lot":"127.491837","bldn_nm":"양평","lat":"37.492773"},
{"bldn_id":"1216","route":"중앙선","lot":"127.473868","bldn_nm":"오빈","lat":"37.506062"},
{"bldn_id":"1215","route":"중앙선","lot":"127.443173","bldn_nm":"아신","lat":"37.51382"},
{"bldn_id":"1214","route":"중앙선","lot":"127.399367","bldn_nm":"국수","lat":"37.516169"},
{"bldn_id":"1213","route":"중앙선","lot":"127.372921","bldn_nm":"신원","lat":"37.525545"},
{"bldn_id":"1212","route":"중앙선","lot":"127.329098","bldn_nm":"양수","lat":"37.545981"},
{"bldn_id":"1211","route":"중앙선","lot":"127.310115","bldn_nm":"운길산","lat":"37.554669"},
{"bldn_id":"1210","route":"중앙선","lot":"127.243939","bldn_nm":"팔당","lat":"37.547371"},
{"bldn_id":"1209","route":"중앙선","lot":"127.222672","bldn_nm":"도심","lat":"37.579622"},
{"bldn_id":"1208","route":"중앙선","lot":"127.208832","bldn_nm":"덕소","lat":"37.586781"},
{"bldn_id":"1207","route":"중앙선","lot":"127.19364","bldn_nm":"양정","lat":"37.60533"},
{"bldn_id":"1206","route":"중앙선","lot":"127.161153","bldn_nm":"도농","lat":"37.608806"},
{"bldn_id":"1205","route":"중앙선","lot":"127.143869","bldn_nm":"구리","lat":"37.603392"},
{"bldn_id":"1204","route":"중앙선","lot":"127.107906","bldn_nm":"양원","lat":"37.606596"},
{"bldn_id":"1203","route":"중앙선","lot":"127.091909","bldn_nm":"망우","lat":"37.59955"},
{"bldn_id":"1202","route":"중앙선","lot":"127.08504","bldn_nm":"상봉(시외버스터미널)","lat":"37.596678"},
{"bldn_id":"1201","route":"중앙선","lot":"127.076116","bldn_nm":"중랑","lat":"37.594917"},
{"bldn_id":"1032","route":"경부선","lot":"126.917865","bldn_nm":"신길","lat":"37.516862"},
{"bldn_id":"1031","route":"분당선","lot":"127.126658","bldn_nm":"복정","lat":"37.470345"},
{"bldn_id":"1030","route":"분당선","lot":"127.101422","bldn_nm":"수서","lat":"37.487472"},
{"bldn_id":"1028","route":"분당선","lot":"127.07272","bldn_nm":"대모산입구","lat":"37.491373"},
{"bldn_id":"1027","route":"분당선","lot":"127.06614","bldn_nm":"개포동","lat":"37.489116"},
{"bldn_id":"1026","route":"분당선","lot":"127.058856","bldn_nm":"구룡","lat":"37.486839"},
{"bldn_id":"1025","route":"분당선","lot":"127.055186","bldn_nm":"도곡","lat":"37.491224"},
{"bldn_id":"1024","route":"분당선","lot":"127.052873","bldn_nm":"한티","lat":"37.496237"},
{"bldn_id":"1023","route":"분당선","lot":"127.048807","bldn_nm":"선릉","lat":"37.504856"},
{"bldn_id":"1022","route":"경원선","lot":"127.047806","bldn_nm":"창동","lat":"37.653007"},
{"bldn_id":"1021","route":"경원선","lot":"127.051269","bldn_nm":"녹천","lat":"37.644799"},
{"bldn_id":"1020","route":"경원선","lot":"127.058831","bldn_nm":"월계","lat":"37.633212"},
{"bldn_id":"1019","route":"경원선","lot":"127.061835","bldn_nm":"광운대","lat":"37.623632"},
{"bldn_id":"1018","route":"경원선","lot":"127.065934","bldn_nm":"석계","lat":"37.614532"},
{"bldn_id":"1017","route":"경원선","lot":"127.067325","bldn_nm":"신이문","lat":"37.601854"},
{"bldn_id":"1016","route":"경원선","lot":"127.063549","bldn_nm":"외대앞","lat":"37.596073"},
{"bldn_id":"1015","route":"중앙선","lot":"127.057583","bldn_nm":"회기","lat":"37.58946"},
{"bldn_id":"1014","route":"경원선","lot":"127.0483","bldn_nm":"청량리(서울시립대입구)","lat":"37.580759"},
{"bldn_id":"1013","route":"경원선","lot":"127.038352","bldn_nm":"왕십리(성동구청)","lat":"37.561827"},
{"bldn_id":"1012","route":"경원선","lot":"127.034538","bldn_nm":"응봉","lat":"37.549946"},
{"bldn_id":"1011","route":"경원선","lot":"127.018672","bldn_nm":"옥수","lat":"37.540446"},
{"bldn_id":"1010","route":"경원선","lot":"127.009169","bldn_nm":"한남","lat":"37.52943"},
{"bldn_id":"1009","route":"경원선","lot":"126.988537","bldn_nm":"서빙고","lat":"37.519594"},
{"bldn_id":"1008","route":"경원선","lot":"126.973406","bldn_nm":"이촌(국립중앙박물관)","lat":"37.522427"},
{"bldn_id":"1007","route":"경부선","lot":"126.891144","bldn_nm":"신도림","lat":"37.508787"},
{"bldn_id":"1006","route":"경부선","lot":"126.907628","bldn_nm":"영등포","lat":"37.515504"},
{"bldn_id":"1005","route":"경부선","lot":"126.926382","bldn_nm":"대방","lat":"37.513342"},
{"bldn_id":"1004","route":"경부선","lot":"126.94271","bldn_nm":"노량진","lat":"37.514149"},
{"bldn_id":"1003","route":"경부선","lot":"126.964561","bldn_nm":"용산","lat":"37.529849"},
{"bldn_id":"1002","route":"경부선","lot":"126.9713","bldn_nm":"남영","lat":"37.541021"},
{"bldn_id":"1001","route":"경부선","lot":"126.971134","bldn_nm":"서울역","lat":"37.554337"},
{"bldn_id":"0434","route":"4호선","lot":"126.989134","bldn_nm":"남태령","lat":"37.463873"},
{"bldn_id":"0433","route":"4호선","lot":"126.981651","bldn_nm":"사당","lat":"37.476955"},
{"bldn_id":"0432","route":"4호선","lot":"126.981989","bldn_nm":"총신대입구(이수)","lat":"37.486263"},
{"bldn_id":"0431","route":"4호선","lot":"126.980347","bldn_nm":"동작(현충원)","lat":"37.502852"},
{"bldn_id":"0430","route":"4호선","lot":"126.974733","bldn_nm":"이촌(국립중앙박물관)","lat":"37.522295"},
{"bldn_id":"0429","route":"4호선","lot":"126.967894","bldn_nm":"신용산","lat":"37.52917"},
{"bldn_id":"0428","route":"4호선","lot":"126.9726","bldn_nm":"삼각지","lat":"37.534075"},
{"bldn_id":"0427","route":"4호선","lot":"126.972106","bldn_nm":"숙대입구(갈월)","lat":"37.54456"},
{"bldn_id":"0426","route":"4호선","lot":"126.972556","bldn_nm":"서울역","lat":"37.55281"},
{"bldn_id":"0425","route":"4호선","lot":"126.978246","bldn_nm":"회현(남대문시장)","lat":"37.558514"},
{"bldn_id":"0424","route":"4호선","lot":"126.986325","bldn_nm":"명동","lat":"37.560989"},
{"bldn_id":"0423","route":"4호선","lot":"126.99408","bldn_nm":"충무로","lat":"37.561207"},
{"bldn_id":"0422","route":"4호선","lot":"127.007885","bldn_nm":"동대문역사문화공원","lat":"37.565133"},
{"bldn_id":"0421","route":"4호선","lot":"127.009287","bldn_nm":"동대문","lat":"37.57093"},
{"bldn_id":"0420","route":"4호선","lot":"127.001844","bldn_nm":"혜화","lat":"37.582336"},
{"bldn_id":"0419","route":"4호선","lot":"127.006221","bldn_nm":"한성대입구(삼선교)","lat":"37.588458"},
{"bldn_id":"0418","route":"4호선","lot":"127.016441","bldn_nm":"성신여대입구(돈암)","lat":"37.592612"},
{"bldn_id":"0417","route":"4호선","lot":"127.025053","bldn_nm":"길음","lat":"37.603407"},
{"bldn_id":"0416","route":"4호선","lot":"127.030053","bldn_nm":"미아사거리","lat":"37.613292"},
{"bldn_id":"0415","route":"4호선","lot":"127.025983","bldn_nm":"미아(서울사이버대학)","lat":"37.62667"},
{"bldn_id":"0414","route":"4호선","lot":"127.025732","bldn_nm":"수유(강북구청)","lat":"37.638052"},
{"bldn_id":"0413","route":"4호선","lot":"127.034709","bldn_nm":"쌍문","lat":"37.648627"},
{"bldn_id":"0412","route":"4호선","lot":"127.047274","bldn_nm":"창동","lat":"37.653088"},
{"bldn_id":"0411","route":"4호선","lot":"127.063276","bldn_nm":"노원","lat":"37.65627"},
{"bldn_id":"0410","route":"4호선","lot":"127.073572","bldn_nm":"상계","lat":"37.660878"},
{"bldn_id":"0409","route":"4호선","lot":"127.079066","bldn_nm":"당고개","lat":"37.670272"},
{"bldn_id":"0408","route":"진접선","lot":"127.11581","bldn_nm":"별내별가람","lat":"37.66778"},
{"bldn_id":"0406","route":"진접선","lot":"127.19281","bldn_nm":"오남","lat":"37.705"},
{"bldn_id":"0405","route":"진접선","lot":"127.2034","bldn_nm":"진접","lat":"37.7205"},
{"bldn_id":"0342","route":"3호선","lot":"127.128319","bldn_nm":"오금","lat":"37.502129"},
{"bldn_id":"0341","route":"3호선","lot":"127.12454","bldn_nm":"경찰병원","lat":"37.495918"},
{"bldn_id":"0340","route":"3호선","lot":"127.117757","bldn_nm":"가락시장","lat":"37.492245"},
{"bldn_id":"0339","route":"3호선","lot":"127.101907","bldn_nm":"수서","lat":"37.487378"},
{"bldn_id":"0338","route":"3호선","lot":"127.08439","bldn_nm":"일원","lat":"37.483681"},
{"bldn_id":"0337","route":"3호선","lot":"127.079532","bldn_nm":"대청","lat":"37.493514"},
{"bldn_id":"0336","route":"3호선","lot":"127.070594","bldn_nm":"학여울","lat":"37.496663"},
{"bldn_id":"0335","route":"3호선","lot":"127.063642","bldn_nm":"대치","lat":"37.494612"},
{"bldn_id":"0334","route":"3호선","lot":"127.055452","bldn_nm":"도곡","lat":"37.490922"},
{"bldn_id":"0333","route":"3호선","lot":"127.046769","bldn_nm":"매봉","lat":"37.486947"},
{"bldn_id":"0332","route":"3호선","lot":"127.033902","bldn_nm":"양재(서초구청)","lat":"37.484477"},
{"bldn_id":"0331","route":"3호선","lot":"127.016189","bldn_nm":"남부터미널(예술의전당)","lat":"37.485013"},
{"bldn_id":"0330","route":"3호선","lot":"127.013786","bldn_nm":"교대(법원.검찰청)","lat":"37.493025"},
{"bldn_id":"0329","route":"3호선","lot":"127.004916","bldn_nm":"고속터미널","lat":"37.504891"},
{"bldn_id":"0328","route":"3호선","lot":"127.01122","bldn_nm":"잠원","lat":"37.512759"},
{"bldn_id":"0327","route":"3호선","lot":"127.020114","bldn_nm":"신사","lat":"37.516334"},
{"bldn_id":"0326","route":"3호선","lot":"127.028461","bldn_nm":"압구정","lat":"37.527072"},
{"bldn_id":"0325","route":"3호선","lot":"127.017269","bldn_nm":"옥수","lat":"37.541684"},
{"bldn_id":"0324","route":"3호선","lot":"127.015872","bldn_nm":"금호","lat":"37.548034"},
{"bldn_id":"0323","route":"3호선","lot":"127.010541","bldn_nm":"약수","lat":"37.554867"},
{"bldn_id":"0322","route":"3호선","lot":"127.005602","bldn_nm":"동대입구","lat":"37.559052"},
{"bldn_id":"0321","route":"3호선","lot":"126.994072","bldn_nm":"충무로","lat":"37.56143"},
{"bldn_id":"0320","route":"3호선","lot":"126.992548","bldn_nm":"을지로3가","lat":"37.566672"},
{"bldn_id":"0319","route":"3호선","lot":"126.991791","bldn_nm":"종로3가","lat":"37.571605"},
{"bldn_id":"0318","route":"3호선","lot":"126.985443","bldn_nm":"안국","lat":"37.576477"},
{"bldn_id":"0317","route":"3호선","lot":"126.97353","bldn_nm":"경복궁(정부서울청사)","lat":"37.575762"},
{"bldn_id":"0316","route":"3호선","lot":"126.957748","bldn_nm":"독립문","lat":"37.574571"},
{"bldn_id":"0315","route":"3호선","lot":"126.950291","bldn_nm":"무악재","lat":"37.582299"},
{"bldn_id":"0314","route":"3호선","lot":"126.943736","bldn_nm":"홍제","lat":"37.589066"},
{"bldn_id":"0313","route":"3호선","lot":"126.935756","bldn_nm":"녹번","lat":"37.600927"},
{"bldn_id":"0312","route":"3호선","lot":"126.92982","bldn_nm":"불광","lat":"37.610553"},
{"bldn_id":"0311","route":"3호선","lot":"126.921038","bldn_nm":"연신내","lat":"37.619229"},
{"bldn_id":"0310","route":"3호선","lot":"126.918821","bldn_nm":"구파발","lat":"37.636763"},
{"bldn_id":"0309","route":"3호선","lot":"126.913917","bldn_nm":"지축","lat":"37.648033"},
{"bldn_id":"0250","route":"2호선","lot":"127.038091","bldn_nm":"용두(동대문구청)","lat":"37.574028"},
{"bldn_id":"0249","route":"2호선","lot":"126.852912","bldn_nm":"신정네거리","lat":"37.520074"},
{"bldn_id":"0248","route":"2호선","lot":"126.865819","bldn_nm":"양천구청","lat":"37.512398"},
{"bldn_id":"0247","route":"2호선","lot":"126.882768","bldn_nm":"도림천","lat":"37.514287"},
{"bldn_id":"0246","route":"2호선","lot":"127.024932","bldn_nm":"신설동","lat":"37.574747"},
{"bldn_id":"0245","route":"2호선","lot":"127.046481","bldn_nm":"신답","lat":"37.57004"},
{"bldn_id":"0244","route":"2호선","lot":"127.050899","bldn_nm":"용답","lat":"37.561904"},
{"bldn_id":"0243","route":"2호선","lot":"126.964378","bldn_nm":"충정로(경기대입구)","lat":"37.559704"},
{"bldn_id":"0242","route":"2호선","lot":"126.956141","bldn_nm":"아현","lat":"37.557345"},
{"bldn_id":"0241","route":"2호선","lot":"126.946013","bldn_nm":"이대","lat":"37.556733"},
{"bldn_id":"0240","route":"2호선","lot":"126.936926","bldn_nm":"신촌","lat":"37.555131"},
{"bldn_id":"0239","route":"2호선","lot":"126.923708","bldn_nm":"홍대입구","lat":"37.55679"},
{"bldn_id":"0238","route":"2호선","lot":"126.913808","bldn_nm":"합정","lat":"37.549457"},
{"bldn_id":"0237","route":"2호선","lot":"126.902767","bldn_nm":"당산","lat":"37.534946"},
{"bldn_id":"0236","route":"2호선","lot":"126.89661","bldn_nm":"영등포구청","lat":"37.525706"},
{"bldn_id":"0235","route":"2호선","lot":"126.89476","bldn_nm":"문래","lat":"37.517933"},
{"bldn_id":"0234","route":"2호선","lot":"126.891084","bldn_nm":"신도림","lat":"37.508961"},
{"bldn_id":"0233","route":"2호선","lot":"126.894932","bldn_nm":"대림(구로구청)","lat":"37.493243"},
{"bldn_id":"0232","route":"2호선","lot":"126.901401","bldn_nm":"구로디지털단지","lat":"37.485266"},
{"bldn_id":"0231","route":"2호선","lot":"126.913149","bldn_nm":"신대방","lat":"37.487462"},
{"bldn_id":"0230","route":"2호선","lot":"126.929715","bldn_nm":"신림","lat":"37.484201"},
{"bldn_id":"0229","route":"2호선","lot":"126.941892","bldn_nm":"봉천","lat":"37.482362"},
{"bldn_id":"0228","route":"2호선","lot":"126.952739","bldn_nm":"서울대입구(관악구청)","lat":"37.481247"},
{"bldn_id":"0227","route":"2호선","lot":"126.963693","bldn_nm":"낙성대","lat":"37.47693"},
{"bldn_id":"0226","route":"2호선","lot":"126.981544","bldn_nm":"사당","lat":"37.476538"},
{"bldn_id":"0225","route":"2호선","lot":"126.997596","bldn_nm":"방배","lat":"37.481426"},
{"bldn_id":"0224","route":"2호선","lot":"127.007917","bldn_nm":"서초","lat":"37.491897"},
{"bldn_id":"0223","route":"2호선","lot":"127.014667","bldn_nm":"교대(법원.검찰청)","lat":"37.493961"},
{"bldn_id":"0222","route":"2호선","lot":"127.027912","bldn_nm":"강남","lat":"37.49799"},
{"bldn_id":"0221","route":"2호선","lot":"127.036456","bldn_nm":"역삼","lat":"37.500622"},
{"bldn_id":"0220","route":"2호선","lot":"127.048203","bldn_nm":"선릉","lat":"37.504286"},
{"bldn_id":"0219","route":"2호선","lot":"127.06316","bldn_nm":"삼성(무역센터)","lat":"37.508844"},
{"bldn_id":"0218","route":"2호선","lot":"127.073704","bldn_nm":"종합운동장","lat":"37.511022"},
{"bldn_id":"0217","route":"2호선","lot":"127.086162","bldn_nm":"잠실새내","lat":"37.511687"},
{"bldn_id":"0216","route":"2호선","lot":"127.100159","bldn_nm":"잠실(송파구청)","lat":"37.513262"},
{"bldn_id":"0215","route":"2호선","lot":"127.10379","bldn_nm":"잠실나루","lat":"37.520733"},
{"bldn_id":"0214","route":"2호선","lot":"127.094681","bldn_nm":"강변(동서울터미널)","lat":"37.535095"},
{"bldn_id":"0213","route":"2호선","lot":"127.085916","bldn_nm":"구의(광진구청)","lat":"37.537077"},
{"bldn_id":"0212","route":"2호선","lot":"127.069191","bldn_nm":"건대입구","lat":"37.540373"},
{"bldn_id":"0211","route":"2호선","lot":"127.055961","bldn_nm":"성수","lat":"37.544581"},
{"bldn_id":"0210","route":"2호선","lot":"127.047367","bldn_nm":"뚝섬","lat":"37.547184"},
{"bldn_id":"0209","route":"2호선","lot":"127.043655","bldn_nm":"한양대","lat":"37.555273"},
{"bldn_id":"0208","route":"2호선","lot":"127.036954","bldn_nm":"왕십리(성동구청)","lat":"37.561238"},
{"bldn_id":"0207","route":"2호선","lot":"127.029354","bldn_nm":"상왕십리","lat":"37.564354"},
{"bldn_id":"0206","route":"2호선","lot":"127.019614","bldn_nm":"신당","lat":"37.56564"},
{"bldn_id":"0205","route":"2호선","lot":"127.009054","bldn_nm":"동대문역사문화공원","lat":"37.565613"},
{"bldn_id":"0204","route":"2호선","lot":"126.997817","bldn_nm":"을지로4가","lat":"37.566595"},
{"bldn_id":"0203","route":"2호선","lot":"126.991696","bldn_nm":"을지로3가","lat":"37.566306"},
{"bldn_id":"0202","route":"2호선","lot":"126.982618","bldn_nm":"을지로입구","lat":"37.566014"},
{"bldn_id":"0201","route":"2호선","lot":"126.975411","bldn_nm":"시청","lat":"37.563588"},
{"bldn_id":"0159","route":"1호선","lot":"127.01648","bldn_nm":"동묘앞","lat":"37.573197"},
{"bldn_id":"0158","route":"1호선","lot":"127.044585","bldn_nm":"청량리(서울시립대입구)","lat":"37.579956"},
{"bldn_id":"0157","route":"1호선","lot":"127.034893","bldn_nm":"제기동","lat":"37.578103"},
{"bldn_id":"0156","route":"1호선","lot":"127.024634","bldn_nm":"신설동","lat":"37.576048"},
{"bldn_id":"0155","route":"1호선","lot":"127.01093","bldn_nm":"동대문","lat":"37.571687"},
{"bldn_id":"0154","route":"1호선","lot":"127.001849","bldn_nm":"종로5가","lat":"37.570926"},
{"bldn_id":"0153","route":"1호선","lot":"126.991847","bldn_nm":"종로3가","lat":"37.570406"},
{"bldn_id":"0152","route":"1호선","lot":"126.982923","bldn_nm":"종각","lat":"37.570161"},
{"bldn_id":"0151","route":"1호선","lot":"126.977088","bldn_nm":"시청","lat":"37.565715"},
{"bldn_id":"0150","route":"1호선","lot":"126.972135","bldn_nm":"서울역","lat":"37.556228"}
]
}